code_dep,departement,nom,slug,nom_geocodage,commune,type_plage,surf,naturiste,familiale,justification,lat,lng
01,Ain,Plage de l'Île Chambod,plage-de-lile-chambod,"Plage de l'Île Chambod, Val-Revermont",Val-Revermont,plage_lac,,,oui,Cette plage de lac offre une belle étendue de sable pour se détendre et profiter des activités nautiques.,46.269817,5.367972
04,Alpes-de-Haute-Provence,Plage du Plan d'Eau des Ferréols,plage-du-plan-deau-des-ferreols,"Plan d'Eau des Ferréols, Digne-les-Bains",Digne-les-Bains,plage_lac,,,oui,Une grande plage lacustre idéale pour la détente en famille et les loisirs nautiques.,44.08049,6.219387
04,Alpes-de-Haute-Provence,Plage du Lac de Sainte-Croix,plage-du-lac-de-sainte-croix,"Plage, Sainte-Croix-du-Verdon",Sainte-Croix-du-Verdon,plage_lac,,,oui,Plage pittoresque offrant des eaux turquoise parfaites pour la baignade et la détente.,43.75826,6.15194
05,Hautes-Alpes,Plage du Lac de Serre-Ponçon,plage-du-lac-de-serre-poncon,"Plage du Lac, Savines-le-Lac",Savines-le-Lac,plage_lac,,,oui,Plage populaire pour les familles avec une vue magnifique sur le lac et les montagnes environnantes.,44.526104,6.402579
05,Hautes-Alpes,Plage du Riou Clar,plage-du-riou-clar,"Plage du Riou Clar, Prunières",Prunières,plage_lac,,,oui,"Plage de lac calme et sécurisée, idéale pour la baignade en été.",44.555901,6.467053
06,Alpes-Maritimes,Plage de la Mala,plage-de-la-mala,"Plage de la Mala, Cap-d'Ail",Cap-d'Ail,crique,,,oui,Cette crique cachée est idéale pour une journée en famille grâce à ses eaux claires et calme.,43.721783,7.391656
06,Alpes-Maritimes,Plage des Sablettes,plage-des-sablettes,"Plage des Sablettes, Menton",Menton,grande_plage,,,oui,Cette grande plage est parfaite pour les familles avec ses vastes étendues de sable fin.,43.77475,7.50365
06,Alpes-Maritimes,Plage de la Salis,plage-de-la-salis,"Plage de la Salis, Antibes",Antibes,grande_plage,,,oui,"Avec sa proximité du centre-ville, cette plage est populaire auprès des familles.",43.566767,7.128527
06,Alpes-Maritimes,Plage de la Garoupe,plage-de-la-garoupe,"Plage de la Garoupe, Antibes",Antibes,crique,,,oui,"Cette crique offre un cadre idyllique et calme, idéal pour se détendre.",43.555573,7.133872
06,Alpes-Maritimes,Plage des Marinières,plage-des-marinieres,"Plage des Marinières, Villefranche-sur-Mer",Villefranche-sur-Mer,grande_plage,,,oui,Cette grande plage offre des vues splendides sur les eaux turquoise de la baie.,43.703175,7.311004
06,Alpes-Maritimes,Plage du Castel,plage-du-castel,"Plage du Castel, Nice",Nice,grande_plage,,,oui,"Située au pied du château de Nice, cette plage offre un cadre pittoresque.",43.708508,7.296085
06,Alpes-Maritimes,Plage de Fossan,plage-de-fossan,"Plage de Fossan, Menton",Menton,grande_plage,,,oui,Cette plage est idéale pour les familles grâce à ses installations et son eau calme.,43.776144,7.504114
06,Alpes-Maritimes,Plage du Midi,plage-du-midi,"Plage du Midi, Cannes",Cannes,grande_plage,,,oui,"Plage familiale incontournable, offrant une vue imprenable sur les îles de Lérins.",43.5677,7.074228
07,Ardèche,Plage de Sauveplantade,plage-de-sauveplantade,"Plage de Sauveplantade, Saint-Maurice-d'Ibie",Saint-Maurice-d'Ibie,plage_lac,,,oui,"Petite plage accessible en famille, idéale pour une pause baignade en eau douce.",44.501125,4.482984
09,Ariège,Lac de Montbel,lac-de-montbel,"Plage, Lac de Montbel",Montbel,plage_lac,,,oui,Le Lac de Montbel offre une belle plage de lac idéale pour les familles et les loisirs nautiques.,42.974204,1.97782
10,Aube,Plage de Mesnil-Saint-Père,plage-de-mesnil-saint-pere,"Plage de Mesnil-Saint-Père, Mesnil-Saint-Père",Mesnil-Saint-Père,plage_lac,,,oui,"Plage agréable située au bord du lac d'Orient, idéale pour les familles et les loisirs nautiques.",48.24914,4.334996
11,Aude,Plage de la Vieille Nouvelle,plage-de-la-vieille-nouvelle,"Plage de la Vieille Nouvelle, Gruissan",Gruissan,grande_plage,oui,,oui,Longue étendue de sable idéale pour les familles et les sports nautiques.,43.102293,3.085729
11,Aude,Plage des Chalets,plage-des-chalets,"Plage des Chalets, Gruissan",Gruissan,grande_plage,oui,,oui,Connu pour ses charmants chalets sur pilotis et un accès aisé pour les familles.,43.078817,2.47497
11,Aude,Plage de Leucate,plage-de-leucate,"Plage de Leucate, Leucate",Leucate,grande_plage,oui,oui,,Reconnue pour ses vents idéaux pour le surf et ses zones naturistes.,43.042286,2.932485
11,Aude,Plage de La Franqui,plage-de-la-franqui,"Plage de La Franqui, Leucate",Leucate,grande_plage,oui,,oui,Spot très prisé des amateurs de kitesurf et de planche à voile.,42.922635,3.036522
11,Aude,Plage du Rouet,plage-du-rouet,"Plage du Rouet, Gruissan",Gruissan,crique,,,oui,Petite crique pittoresque parfaite pour une journée tranquille en famille.,43.097579,3.109256
12,Aveyron,Plage du lac de Pareloup,plage-du-lac-de-pareloup,"Plage, Salles-Curan",Salles-Curan,plage_lac,,,oui,Belle plage pour la baignade et les activités nautiques sur le lac de Pareloup.,44.182316,2.786157
13,Bouches-du-Rhône,Plage de la Couronne,plage-de-la-couronne,"Plage de la Couronne, Martigues",Martigues,grande_plage,,,oui,Plage familiale populaire avec des dunes de sable.,43.340902,5.06834
13,Bouches-du-Rhône,Calanque de Figuerolles,calanque-de-figuerolles,"Calanque de Figuerolles, La Ciotat",La Ciotat,calanque,,,,Calanque offrant des formations rocheuses remarquables et eaux claires.,43.16821,5.599107
13,Bouches-du-Rhône,Plage Sainte-Croix,plage-sainte-croix,"Plage Sainte-Croix, Martigues",Martigues,grande_plage,,,oui,"Sable fin et eaux peu profondes, idéale pour les familles.",43.339478,5.078243
13,Bouches-du-Rhône,Calanque de Sormiou,calanque-de-sormiou,"Calanque de Sormiou, Marseille",Marseille,calanque,,,oui,Magnifique calanque accessible avec vue sur la Méditerranée.,43.226746,5.403358
13,Bouches-du-Rhône,Plage de la Pointe Rouge,plage-de-la-pointe-rouge,"Plage de la Pointe Rouge, Marseille",Marseille,grande_plage,,,oui,Plage de sable fin très prisée pour la baignade en famille.,43.24447,5.372065
13,Bouches-du-Rhône,Calanque de Port Pin,calanque-de-port-pin,"Calanque de Port Pin, Cassis",Cassis,calanque,,,,Azure azurées et décors de carte postale attirent les visiteurs.,43.471801,5.166817
13,Bouches-du-Rhône,Plage des Catalans,plage-des-catalans,"Plage des Catalans, Marseille",Marseille,grande_plage,,,oui,Proximité du centre-ville avec des activités de plage animées.,43.291969,5.355754
13,Bouches-du-Rhône,Calanque d'En-Vau,calanque-den-vau,"Calanque d'En-Vau, Cassis",Cassis,calanque,,,,Crique isolée réputée pour sa beauté sauvage et ses eaux cristallines.,43.214214,5.539568
14,Calvados,Plage de Deauville,plage-de-deauville,"Plage de Deauville, Deauville",Deauville,grande_plage,,,oui,Fameuse pour ses planches en bois et sa fréquentation élégante.,49.337111,0.105941
14,Calvados,Plage de Cabourg,plage-de-cabourg,"Plage de Cabourg, Cabourg",Cabourg,grande_plage,,,oui,"Grande plage de sable fin, idéale pour les familles.",49.2593,-0.160448
14,Calvados,Plage d'Omaha Beach,plage-domaha-beach,"Omaha Beach, Vierville-sur-Mer",Vierville-sur-Mer,grande_plage,,,oui,"Plage historique du Débarquement, également agréable pour une promenade.",49.347611,-0.808615
14,Calvados,Plage de Trouville,plage-de-trouville,"Plage de Trouville, Trouville-sur-Mer",Trouville-sur-Mer,grande_plage,,,oui,Cadre animé avec ses cabanes et son long front de mer.,49.365864,0.083161
14,Calvados,Plage de Courseulles,plage-de-courseulles,"Plage de Courseulles-sur-Mer, Courseulles-sur-Mer",Courseulles-sur-Mer,grande_plage,,,oui,Parfait pour les familles avec des équipements et activités pour enfants.,49.265485,-0.408848
15,Cantal,Plage du Tunnel,plage-du-tunnel,"Plage du Tunnel, Saint-Gérons",Saint-Gérons,plage_lac,,,oui,Cette plage au bord du Lac de Saint-Étienne-Cantalès est appréciée pour ses eaux claires et son cadre paisible.,44.934414,2.217181
16,Charente,Plage de la Concurrence,plage-de-la-concurrence,"Plage de la Concurrence, La Rochelle",La Rochelle,grande_plage,,,oui,"Située au bout du parc Charruyer, cette plage est idéale pour les familles.",45.963617,0.080472
17,Charente-Maritime,Plage de la Côté Sauvage,plage-de-la-cote-sauvage,"Plage de la Côté Sauvage, Saint-Clément-des-Baleines",Saint-Clément-des-Baleines,grande_plage,oui,,,"Paradis pour les surfeurs, cette plage offre de puissantes vagues sans être bondée.",46.224779,-1.53913
17,Charente-Maritime,Plage des Nonnes,plage-des-nonnes,"Plage des Nonnes, Meschers-sur-Gironde",Meschers-sur-Gironde,grande_plage,,,oui,"Cette plage est parfaite pour un moment en famille, avec une vue spectaculaire sur les falaises.",45.56041,-0.961821
17,Charente-Maritime,Plage de Pontaillac,plage-de-pontaillac,"Plage de Pontaillac, Royan",Royan,grande_plage,,,oui,"Très populaire, elle est bordée de villas Belle Époque et idéale pour les baignades en famille.",45.623605,-1.043583
17,Charente-Maritime,Grande Plage d'Oléron,grande-plage-doleron,"Grande Plage de Saint-Trojan-les-Bains, Oléron",Saint-Trojan-les-Bains,grande_plage,oui,,oui,Ses dunes et large plage offrent espace pour tous les types d'activités.,45.9,-1.3
17,Charente-Maritime,Plage de Chatelaillon,plage-de-chatelaillon,"Plage de Chatelaillon, Chatelaillon-Plage",Chatelaillon-Plage,grande_plage,,,oui,"La plage est longue et bien aménagée, parfaite pour les activités familiales et la promenade.",46.07472,-1.090657
17,Charente-Maritime,Plage de Nauzan,plage-de-nauzan,"Plage de Nauzan, Vaux-sur-Mer",Vaux-sur-Mer,grande_plage,,,oui,"Crique urbaine avec des eaux tranquilles, parfaite pour la baignade en sécurité.",45.637935,-1.07499
17,Charente-Maritime,Plage de la Grande Côte,plage-de-la-grande-cote,"Plage de la Grande Côte, La Palmyre",La Palmyre,grande_plage,oui,,oui,Cette vaste plage s'étend sur des kilomètres et est un excellent spot de surf.,45.65535,-1.110716
19,Corrèze,Plage des Aubazines,plage-des-aubazines,"Plage, Aubazines",Aubazines,plage_lac,,,oui,Cette plage au bord du lac de Bort offre un cadre relaxant et sécurisé pour les familles.,45.17435,1.671028
22,Côtes-d'Armor,Plage de Trestraou,plage-de-trestraou,"Plage de Trestraou, Perros-Guirec",Perros-Guirec,grande_plage,oui,,oui,Longue plage de sable fin idéale pour les familles avec des activités nautiques disponibles.,48.815609,-3.444953
22,Côtes-d'Armor,Plage de Saint-Michel-en-Grève,plage-de-saint-michel-en-greve,"Plage de Saint-Michel-en-Grève, Saint-Michel-en-Grève",Saint-Michel-en-Grève,grande_plage,,,oui,Immense plage de sable où la mer se retire sur plusieurs kilomètres à marée basse.,48.692129,-3.56111
22,Côtes-d'Armor,Plage de Sables-d'Or-les-Pins,plage-de-sables-dor-les-pins,"Plage de Sables-d'Or-les-Pins, Fréhel",Fréhel,grande_plage,,,oui,Station balnéaire avec une belle plage de sable entourée de dunes.,48.62919,-2.409674
22,Côtes-d'Armor,Plage de Palus,plage-de-palus,"Plage de Palus, Plouha",Plouha,crique,,,oui,Petite crique charmante idéale pour la baignade en famille.,48.675596,-2.886623
22,Côtes-d'Armor,Plage de Ploumanac'h,plage-de-ploumanach,"Plage de Ploumanac'h, Perros-Guirec",Perros-Guirec,crique,,,oui,Crique de sable pittoresque entourée de rochers de granit rose.,48.815609,-3.444953
22,Côtes-d'Armor,Plage du Val André,plage-du-val-andre,"Plage du Val André, Pléneuf-Val-André",Pléneuf-Val-André,grande_plage,,,oui,Plage avec une longue promenade et des activités pour toute la famille.,48.5842,-2.535121
23,Creuse,Plage de Vassivière,plage-de-vassiviere,"Plage de Vassivière, Royère-de-Vassivière",Royère-de-Vassivière,plage_lac,,,oui,Plage au bord du lac idéale pour les familles avec des aires de pique-nique et des activités nautiques.,45.839641,1.911031
24,Dordogne,Plage de Neuvic,plage-de-neuvic,"Plage de Neuvic, Neuvic",Neuvic,plage_lac,,,oui,"Petite plage aménagée sur un lac, idéale pour les familles avec des activités nautiques.",45.100025,0.442771
25,Doubs,Plage du Lac Saint-Point,plage-du-lac-saint-point,"Plage du Lac Saint-Point, Malbuisson",Malbuisson,plage_lac,,,oui,"Une plage aménagée idéale pour les familles, au bord du troisième plus grand lac naturel de France.",46.79948,6.30487
26,Drôme,Lac de Champos,lac-de-champos,"Lac de Champos, Saint-Donat-sur-l'Herbasse",Saint-Donat-sur-l'Herbasse,plage_lac,,,oui,Idéal pour une journée en famille avec aires de pique-nique et activités nautiques.,45.12184,4.984108
29,Finistère,Plage du Trez,plage-du-trez,"Plage du Trez, Bénodet",Bénodet,grande_plage,,,oui,"Grande plage idéale pour la baignade et les familles, située en plein cœur de la station balnéaire de Bénodet.",47.870842,-4.098705
29,Finistère,Plage de l'Ile Vierge,plage-de-lile-vierge,"Plage de l'Ile Vierge, Crozon",Crozon,crique,,,,"Superbe crique isolée avec des eaux limpides, parfaite pour les amateurs de cadre naturel préservé.",48.203596,-4.519099
29,Finistère,Plage de Kervel,plage-de-kervel,"Plage de Kervel, Plonévez-Porzay",Plonévez-Porzay,grande_plage,oui,,oui,Longue plage idéale pour la pratique du surf et adaptée aux familles.,48.116469,-4.273901
29,Finistère,Plage de Raguenez,plage-de-raguenez,"Plage de Raguenez, Névez",Névez,grande_plage,,,oui,"Aussi connue sous le nom de Tahiti, cette plage est parfaite pour des vacances familiales.",47.818107,-3.792325
29,Finistère,Plage de Pors Péron,plage-de-pors-peron,"Plage de Pors Péron, Beuzec-Cap-Sizun",Beuzec-Cap-Sizun,crique,,,,Crique sauvage idéale pour ceux qui cherchent un coin tranquille et préservé.,48.076451,-4.475942
29,Finistère,Plage des Blancs Sablons,plage-des-blancs-sablons,"Plage des Blancs Sablons, Le Conquet",Le Conquet,grande_plage,oui,,oui,"Grande plage de sable fin, parfaite pour les familles et la pratique du surf.",48.370876,-4.755036
29,Finistère,Plage de la Torche,plage-de-la-torche,"Plage de la Torche, Plomeur",Plomeur,grande_plage,oui,,,"Spot réputé pour le surf, accueilli autant par les amateurs de sensations fortes que par les promeneurs.",47.842297,-4.282317
29,Finistère,Plage de Port Manech,plage-de-port-manech,"Plage de Port Manech, Névez",Névez,crique,,,oui,"Charmante plage bien abritée, idéale pour une journée en famille.",47.800772,-3.74029
29,Finistère,Plage du Goulien,plage-du-goulien,"Plage du Goulien, Crozon",Crozon,grande_plage,oui,,oui,Plage spacieuse et idéale à la fois pour le surf et les pique-niques en famille.,48.242221,-4.54235
29,Finistère,Plage de Sainte-Anne-la-Palud,plage-de-sainte-anne-la-palud,"Plage de Sainte-Anne-la-Palud, Plonévez-Porzay",Plonévez-Porzay,grande_plage,,,oui,"Longue plage de sable fin, parfaite pour la détente en famille et les sports aquatiques.",48.134697,-4.259271
29,Finistère,Plage du Ris,plage-du-ris,"Plage du Ris, Douarnenez",Douarnenez,grande_plage,,,oui,Grande plage familiale offrant une vue imprenable sur la baie et accessible à pied depuis le centre.,48.090257,-4.29924
30,Gard,Plage de l'Espiguette,plage-de-lespiguette,"Plage de l'Espiguette, Le Grau-du-Roi",Le Grau-du-Roi,grande_plage,,,oui,"Une des plus grandes plages de sable de France, idéale pour les familles.",43.508963,4.145731
30,Gard,Plage du Boucanet,plage-du-boucanet,"Plage du Boucanet, Le Grau-du-Roi",Le Grau-du-Roi,grande_plage,,,oui,"Plage de sable fin, appréciée pour ses grandes étendues et ses facilités d'accès.",43.53612,4.136916
30,Gard,Plage du Petit Travers,plage-du-petit-travers,"Plage du Petit Travers, Le Grau-du-Roi",Le Grau-du-Roi,grande_plage,,,oui,"Plage sauvage avec dunes, idéale pour une journée en famille.",43.53612,4.136916
30,Gard,Plage du Grand Travers,plage-du-grand-travers,"Plage du Grand Travers, Le Grau-du-Roi",Le Grau-du-Roi,grande_plage,,,oui,"Plage étendue, parfaite pour les promenades et les pique-niques.",43.53612,4.136916
31,Haute-Garonne,Lac de la Ramée,lac-de-la-ramee,"Lac de la Ramée, Toulouse",Toulouse,plage_lac,,,oui,"Une plage au bord du Lac de la Ramée, prisée pour les activités nautiques et les pique-niques en famille.",43.560665,1.352432
33,Gironde,Plage Centrale,plage-centrale,"Plage Centrale, Lacanau",Lacanau,grande_plage,oui,,oui,Spot de surf réputé avec de vastes étendues de sable idéales pour les familles.,44.978123,-1.079243
33,Gironde,Plage de la Salie,plage-de-la-salie,"Plage de la Salie, La Teste-de-Buch",La Teste-de-Buch,grande_plage,oui,,,"Avec ses spots de surf sauvage, elle attire les surfeurs expérimentés.",44.632565,-1.148812
33,Gironde,Plage du Grand Crohot,plage-du-grand-crohot,"Plage du Grand Crohot, Lège-Cap-Ferret",Lège-Cap-Ferret,grande_plage,oui,,oui,"Plage immense et paisible, idéale pour le surf et la baignade familiale.",44.790126,-1.165478
33,Gironde,Plage du Porge,plage-du-porge,"Plage du Porge, Le Porge",Le Porge,grande_plage,oui,,oui,Plage sauvage prisée des surfeurs et des familles pour ses vastes dunes.,44.872906,-1.092537
33,Gironde,Plage d'Amélie,plage-damelie,"Plage d'Amélie, Soulac-sur-Mer",Soulac-sur-Mer,grande_plage,,,oui,Idéale pour une journée en famille avec ses eaux calmes et ses services sur place.,45.482805,-1.146368
33,Gironde,Plage de la Garonne,plage-de-la-garonne,"Plage de la Garonne, Le Verdon-sur-Mer",Le Verdon-sur-Mer,estuaire,,,oui,Offre une expérience unique de baignade dans l'estuaire de la Gironde.,45.547607,-1.061148
33,Gironde,Plage de la Jenny,plage-de-la-jenny,"Plage de la Jenny, Le Porge",Le Porge,grande_plage,oui,oui,,Célèbre pour son espace naturiste et ses conditions de surf.,44.84001,-1.12321
33,Gironde,Plage Pereire,plage-pereire,"Plage Pereire, Arcachon",Arcachon,grande_plage,,,oui,"Plage orientée famille, avec des marées amenant de belles zones de baignade.",44.660416,-1.168604
33,Gironde,Plage du Moulleau,plage-du-moulleau,"Plage du Moulleau, Arcachon",Arcachon,grande_plage,,,oui,Lieu de détente populaire avec vue sur le bassin d'Arcachon et le phare du Cap Ferret.,44.635187,-1.164917
33,Gironde,Plage de l'Horizon,plage-de-lhorizon,"Plage de l'Horizon, Cap Ferret",Cap Ferret,grande_plage,oui,,oui,Large plage idéale pour le surf et les journées en famille au bord de l'océan.,44.784484,-0.923981
34,Hérault,Plage des Aresquiers,plage-des-aresquiers,"Plage des Aresquiers, Frontignan",Frontignan,grande_plage,,,oui,Longue plage de sable fin idéale pour les familles.,43.472889,3.807389
30,Gard,Plage de l'Espiguette,plage-de-lespiguette,"Plage de l'Espiguette, Le Grau-du-Roi",Le Grau-du-Roi,grande_plage,,oui,,Plage sauvage célèbre pour sa beauté naturelle et ses dunes.,43.508963,4.145731
34,Hérault,Plage de l'Île des Loisirs,plage-de-lile-des-loisirs,"Plage de l'Île des Loisirs, Cap d'Agde",Cap d'Agde,grande_plage,oui,,oui,Plage vivante et animée avec de nombreuses activités.,43.27728,3.511786
34,Hérault,Crique de la Conque,crique-de-la-conque,"Crique de la Conque, Cap d'Agde",Cap d'Agde,crique,,,oui,Petite crique protégée idéale pour la baignade.,43.277527,3.51473
34,Hérault,Plage de la Tamarissière,plage-de-la-tamarissiere,"Plage de la Tamarissière, Agde",Agde,grande_plage,,,oui,Plage tranquille avec des pins à l'arrière-plan.,43.302872,3.4633
34,Hérault,Plage de la Corniche,plage-de-la-corniche,"Plage de la Corniche, Sète",Sète,grande_plage,,,oui,Plage centrale et facilement accessible.,43.394825,3.676288
34,Hérault,Plage Naturiste d'Agde,plage-naturiste-dagde,"Plage Naturiste, Agde",Agde,grande_plage,,oui,,Fameuse plage pour naturistes à l'atmosphère détendue.,43.312576,3.470734
34,Hérault,Plage des Quilles,plage-des-quilles,"Plage des Quilles, Sète",Sète,grande_plage,,,oui,"Idéale pour bronzer et nager, avec des équipements à proximité.",43.396459,3.662739
34,Hérault,Plage des Lazarets,plage-des-lazarets,"Plage des Lazarets, Sète",Sète,grande_plage,,,oui,Petite plage agréable en ville.,43.401695,3.696654
34,Hérault,Plage du Petit Travers,plage-du-petit-travers,"Plage du Petit Travers, Carnon",Carnon,grande_plage,oui,,oui,"Plage de sable fin, parfaite pour les familles et les surfeurs.",43.554167,3.987572
34,Hérault,Plage de Maguelone,plage-de-maguelone,"Plage de Maguelone, Villeneuve-lès-Maguelone",Villeneuve-lès-Maguelone,grande_plage,,,oui,Accès par un pont et jouxte le parc naturel de Maguelone.,43.531107,3.863134
44,Loire-Atlantique,Plage de l'Écluse,plage-de-lecluse,"Plage de l'Écluse, Dinard",Dinard,grande_plage,oui,,oui,Belle plage prisée des familles avec vue panoramique sur la mer.,47.216193,-1.556319
35,Ille-et-Vilaine,Plage du Sillon,plage-du-sillon,"Plage du Sillon, Saint-Malo",Saint-Malo,grande_plage,oui,,oui,Grande plage de sable fin idéale pour la marche et le surf.,48.653548,-2.011278
35,Ille-et-Vilaine,Plage de Port-Mer,plage-de-port-mer,"Plage de Port-Mer, Cancale",Cancale,crique,,,oui,Charmante crique abritée parfaite pour une journée en famille.,48.704253,-1.849741
35,Ille-et-Vilaine,Plage de l'Anse du Verger,plage-de-lanse-du-verger,"Plage de l'Anse du Verger, Cancale",Cancale,crique,,,oui,"Plage calme en pleine nature, idéale pour un moment paisible.",48.684339,-1.862081
35,Ille-et-Vilaine,Plage de Bon-Secours,plage-de-bon-secours,"Plage de Bon-Secours, Saint-Malo",Saint-Malo,grande_plage,,,oui,"Plage avec piscine naturelle à marée basse, très prisée des familles.",48.353821,-1.479942
35,Ille-et-Vilaine,Plage de la Touesse,plage-de-la-touesse,"Plage de la Touesse, Saint-Coulomb",Saint-Coulomb,crique,oui,,oui,Crique charmante pour le surf et les promenades en famille.,48.682651,-1.915267
36,Indre,Plage de Bellebouche,plage-de-bellebouche,"Plage de Bellebouche, Mézières-en-Brenne",Mézières-en-Brenne,plage_lac,,,oui,La plage aménagée au bord du lac de Bellebouche est idéale pour les familles et la baignade.,46.794883,1.301319
38,Isère,Plage de Charavines,plage-de-charavines,"Plage de Charavines, Charavines",Charavines,plage_lac,,,oui,"Grande plage sur les rives du lac de Paladru, idéale pour les familles.",45.446219,5.537543
38,Isère,Plage du Bois Français,plage-du-bois-francais,"Plage du Bois Français, Saint-Ismier",Saint-Ismier,plage_lac,,,oui,Plage équipée sur le lac pour profiter des sports nautiques en famille.,45.255723,5.831116
39,Jura,Plage de la Mercantine,plage-de-la-mercantine,"Plage de la Mercantine, Maisod",Maisod,plage_lac,,,oui,Une plage aménagée et idéale pour les familles sur les rives du Lac de Vouglans.,46.467173,5.691977
39,Jura,Plage des Rousses,plage-des-rousses,"Plage des Rousses, Les Rousses",Les Rousses,plage_lac,,,oui,Cette plage au bord du lac des Rousses offre des activités nautiques et une belle vue environnante.,46.485683,6.058608
40,Landes,Plage de Labenne,plage-de-labenne,"Plage de Labenne, Labenne",Labenne,grande_plage,oui,,oui,Plage très populaire pour le surf et les familles.,43.599623,-1.375596
40,Landes,Plage de Mimizan,plage-de-mimizan,"Plage de Mimizan, Mimizan",Mimizan,grande_plage,oui,,oui,Plage réputée pour ses belles dunes et son ambiance familiale.,44.21354,-1.294006
40,Landes,Plage du Cap de l'Homy,plage-du-cap-de-lhomy,"Plage du Cap de l'Homy, Lit-et-Mixe",Lit-et-Mixe,grande_plage,oui,,oui,Lieu tranquille pour les amoureux de la nature et du surf.,44.025056,-1.281344
40,Landes,Plage de Contis,plage-de-contis,"Plage de Contis, Saint-Julien-en-Born",Saint-Julien-en-Born,grande_plage,oui,,oui,Très belle plage sauvage prisée pour le surf.,44.06409,-1.226857
40,Landes,Plage de Biscarrosse,plage-de-biscarrosse,"Plage de Biscarrosse, Biscarrosse",Biscarrosse,grande_plage,oui,,oui,Plage idéale pour apprendre à surfer et se détendre en famille.,44.367883,-1.110467
40,Landes,Plage de Moliets,plage-de-moliets,"Plage de Moliets, Moliets-et-Maa",Moliets-et-Maa,grande_plage,oui,,oui,Célèbre spot de surf avec de nombreux services pour les vacanciers.,43.850105,-1.356858
40,Landes,Plage des Casernes,plage-des-casernes,"Plage des Casernes, Seignosse",Seignosse,grande_plage,oui,,,Spot apprécié des surfeurs cherchant des vagues consistantes.,43.725062,-1.421924
40,Landes,Plage Centrale d'Hossegor,plage-centrale-dhossegor,"Plage Centrale, Hossegor",Hossegor,grande_plage,oui,,oui,Un des meilleurs spots de surf de France avec de belles infrastructures.,44.21354,-1.294006
31,Haute-Garonne,Plage de la Gravière,plage-de-la-graviere,"Plage de la Gravière, Hossegor",Hossegor,grande_plage,oui,,,Plage réputée pour ses puissantes vagues de surf.,43.713092,1.390868
40,Landes,Plage de Soustons,plage-de-soustons,"Plage de Soustons, Soustons",Soustons,plage_lac,,,oui,"Plage paisible au bord du lac de Soustons, idéale pour les familles.",43.712291,-1.245509
40,Landes,Plage Blanche,plage-blanche,"Plage Blanche, Vielle-Saint-Girons",Vielle-Saint-Girons,grande_plage,oui,,oui,"Beau lieu pour le repos et le surf, avec des dunes impressionnantes.",43.949966,-1.301864
40,Landes,Plage des Sablères,plage-des-sableres,"Plage des Sablères, Vieux-Boucau-les-Bains",Vieux-Boucau-les-Bains,grande_plage,oui,,oui,Une ambiance familiale sur une grande étendue de sable fin.,43.785934,-1.402046
40,Landes,Plage des Estagnots,plage-des-estagnots,"Plage des Estagnots, Seignosse",Seignosse,grande_plage,oui,,oui,Un excellent spot de surf connu pour son ambiance conviviale.,43.686586,-1.437957
42,Loire,Plage de Villerest,plage-de-villerest,"Plage, Villerest",Villerest,plage_lac,,,oui,"Plage aménagée sur les bords du lac de Villerest, idéale pour les familles.",45.993618,4.037672
43,Haute-Loire,Plage de Naussac,plage-de-naussac,"Plage de Naussac, Naussac-Fontanes",Naussac-Fontanes,plage_lac,,,oui,"Située au bord du lac de Naussac, idéale pour les activités nautiques et les pique-niques en famille.",45.28881,3.424729
44,Loire-Atlantique,Plage de la Baule,plage-de-la-baule,"Plage, La Baule-Escoublac",La Baule-Escoublac,grande_plage,,,oui,Plage emblématique pour ses étendues de sable fin et ses activités familiales.,47.28616,-2.391655
44,Loire-Atlantique,Plage des Libraires,plage-des-libraires,"Plage, Pornichet",Pornichet,grande_plage,,,oui,Plage fréquentée et idéale pour toutes les générations.,47.263443,-2.340045
44,Loire-Atlantique,Plage de Saint-Marc,plage-de-saint-marc,"Plage, Saint-Nazaire",Saint-Nazaire,grande_plage,,,oui,Lieu calme avec vue charmante sur la mer.,47.274105,-2.2137
44,Loire-Atlantique,Plage de la Courance,plage-de-la-courance,"Plage, Saint-Nazaire",Saint-Nazaire,crique,oui,,,Reconnue pour ses bonnes conditions de surf.,47.274105,-2.2137
44,Loire-Atlantique,Plage de Kerlédec,plage-de-kerledec,"Plage, Le Pouliguen",Le Pouliguen,crique,,,oui,Petite crique paisible idéale pour un moment de détente.,47.27837,-2.429013
44,Loire-Atlantique,Plage de Port-Lin,plage-de-port-lin,"Plage, Le Croisic",Le Croisic,crique,,,oui,Charmante petite plage idéale pour les familles.,47.294994,-2.511596
44,Loire-Atlantique,Plage du Petit Traict,plage-du-petit-traict,"Plage, Le Croisic",Le Croisic,estuaire,,,oui,Plage propice aux balades avec vue sur les marais salants.,47.294994,-2.511596
46,Lot,Plage de Gluges,plage-de-gluges,"Plage de Gluges, Gluges",Gluges,plage_lac,,,oui,"Une plage sur la Dordogne, idéale pour les familles, avec ses eaux calmes et son environnement naturel.",44.932125,1.651386
47,Lot-et-Garonne,Lac de Clarens,lac-de-clarens,"Lac de Clarens, Casteljaloux",Casteljaloux,plage_lac,,,oui,La plage du lac de Clarens est idéale pour les familles avec ses activités nautiques et son cadre paisible.,44.31427,0.08517
48,Lozère,Lac de Naussac,lac-de-naussac,"Lac, Naussac",Langogne,plage_lac,,,oui,Une grande plage sur le lac de Naussac avec des activités pour toute la famille.,44.72692,3.83763
50,Manche,Plage de Saint-Martin-de-Bréhal,plage-de-saint-martin-de-brehal,"Plage, Bréhal",Bréhal,grande_plage,,,oui,"Plage vaste et familiale, idéale pour les jeux de plage et les promenades.",48.898502,-1.512854
50,Manche,Plage de Carteret,plage-de-carteret,"Plage, Barneville-Carteret",Barneville-Carteret,grande_plage,oui,,oui,"Avec de longues étendues de sable, c'est parfait pour les familles et les surfeurs.",49.377784,-1.787062
50,Manche,Plage de Sciotot,plage-de-sciotot,"Plage, Les Pieux",Les Pieux,grande_plage,oui,,oui,"Populaire pour le surf et la baignade, avec de vastes dunes de sable.",49.514503,-1.80657
50,Manche,Plage des Sables d'Or,plage-des-sables-dor,"Plage, Surtainville",Surtainville,grande_plage,oui,,oui,"Avec son sable fin, c'est une destination prisée pour la détente et le surf.",49.45885,-1.812987
50,Manche,Plage de Jullouville,plage-de-jullouville,"Plage, Jullouville",Jullouville,grande_plage,,,oui,Idéale pour les familles avec ses eaux calmes et ses équipements de loisirs.,48.774788,-1.567615
50,Manche,Plage de Gouville-sur-Mer,plage-de-gouville-sur-mer,"Plage, Gouville-sur-Mer",Gouville-sur-Mer,grande_plage,oui,oui,,Célèbre pour ses cabines colorées et son ambiance plus sauvage adaptée au surf et au naturisme.,49.097302,-1.566368
51,Marne,Plage de Fismes,plage-de-fismes,"Plage, Fismes",Fismes,plage_lac,,,oui,Petite plage agréable appréciée pour les activités nautiques sur lac.,49.307194,3.679792
51,Marne,Plage du Lac du Der,plage-du-lac-du-der,"Plage du Lac du Der, Sainte-Marie-du-Lac-Nuisement",Sainte-Marie-du-Lac-Nuisement,plage_lac,,,oui,"Idéale pour les familles, cette plage de lac offre baignade et activités nautiques.",48.606815,4.77373
55,Meuse,Plage du Lac de Madine,plage-du-lac-de-madine,"Lac de Madine, Heudicourt-sous-les-Côtes",Heudicourt-sous-les-Côtes,plage_lac,,,oui,"La plage du lac de Madine offre un cadre agréable pour les familles, idéale pour la baignade et les activités nautiques.",48.937179,5.71373
56,Morbihan,Plage de Kerhilio,plage-de-kerhilio,"Plage de Kerhilio, Erdeven",Erdeven,grande_plage,oui,,oui,Grande plage idéale pour le surf et la détente en famille.,47.616546,-3.155529
56,Morbihan,Plage de Men-Du,plage-de-men-du,"Plage de Men-Du, La Trinité-sur-Mer",La Trinité-sur-Mer,crique,,,oui,"Petite crique abritée, parfaite pour les familles.",47.582329,-3.029995
56,Morbihan,Plage de Kervillen,plage-de-kervillen,"Plage de Kervillen, La Trinité-sur-Mer",La Trinité-sur-Mer,grande_plage,,,oui,Plage de sable fin avec une eau claire et peu profonde.,47.5728,-3.026487
56,Morbihan,Plage de Donnant,plage-de-donnant,"Plage de Donnant, Bangor",Bangor,grande_plage,oui,,oui,Plage sauvage propice au surf et aux balades.,47.321219,-3.233506
56,Morbihan,Plage des Grands Sables,plage-des-grands-sables,"Plage des Grands Sables, Île de Groix",Île de Groix,grande_plage,oui,,oui,"Unique plage convexe en Europe, très prisée des familles.",47.629578,-3.431213
56,Morbihan,Plage de Magouero,plage-de-magouero,"Plage de Magouero, Plouhinec",Plouhinec,grande_plage,oui,,oui,Longue plage idéale pour le surf et la détente.,47.692147,-3.252419
56,Morbihan,Plage de Port-Kennan,plage-de-port-kennan,"Plage de Port-Kennan, Sauzon",Sauzon,crique,,,oui,Crique abritée offrant un cadre pittoresque et tranquille.,47.373477,-3.22089
56,Morbihan,Plage de Saint-Pierre,plage-de-saint-pierre,"Plage de Saint-Pierre, Locmaria",Locmaria,grande_plage,,oui,,"Plage sauvage et tranquille, propice au naturisme.",47.564806,-2.967121
57,Moselle,Plage de Creutzwald,plage-de-creutzwald,"Plage de Creutzwald, Creutzwald",Creutzwald,plage_lac,,,oui,"A popular spot on the edge of a relaxing lake, ideal for family outings.",49.205635,6.694983
58,Nièvre,Plage de Baye,plage-de-baye,"Plage de Baye, Bazolles",Bazolles,plage_lac,,,oui,"Belle plage au bord du Canal du Nivernais, idéale pour les familles et les activités nautiques.",47.1767,3.620266
59,Nord,Plage de Malo-les-Bains,plage-de-malo-les-bains,"Plage de Malo-les-Bains, Dunkerque",Dunkerque,grande_plage,oui,,oui,Longue plage de sable idéale pour les familles et les amateurs de sports nautiques.,51.034397,2.376792
59,Nord,Plage de Bray-Dunes,plage-de-bray-dunes,"Plage de Bray-Dunes, Bray-Dunes",Bray-Dunes,grande_plage,oui,,oui,"Première plage de France depuis la Belgique, connue pour son ambiance conviviale.",51.067003,2.489926
59,Nord,Plage de Zuydcoote,plage-de-zuydcoote,"Plage de Zuydcoote, Zuydcoote",Zuydcoote,grande_plage,,,oui,"Plage paisible avec des dunes remarquables, exemplaire de la côte d'Opale.",51.0459,2.489331
62,Pas-de-Calais,Plage de Boulogne-sur-Mer,plage-de-boulogne-sur-mer,"Plage, Boulogne-sur-Mer",Boulogne-sur-Mer,grande_plage,,,oui,"Plage urbaine accessible et familiale, idéale pour les bains de soleil.",50.723457,1.606714
62,Pas-de-Calais,Plage de Calais,plage-de-calais,"Plage, Calais",Calais,grande_plage,,,oui,Longue plage de sable fin offrant de superbes vues sur la Manche.,50.958817,1.849309
62,Pas-de-Calais,Plage de Berck,plage-de-berck,"Plage, Berck",Berck,grande_plage,oui,,oui,Célèbre pour les cerfs-volants et les activités nautiques.,50.408159,1.592457
62,Pas-de-Calais,Plage du Touquet,plage-du-touquet,"Plage, Le Touquet-Paris-Plage",Le Touquet-Paris-Plage,grande_plage,,,oui,"Plage élégante et bien équipée, appréciée des familles et sportifs.",50.524002,1.584582
63,Puy-de-Dôme,Plage du Lac Chambon,plage-du-lac-chambon,"Plage du Lac Chambon, Murol",Murol,plage_lac,,,oui,Idéale pour la baignade et les activités nautiques en famille.,45.574288,2.927589
63,Puy-de-Dôme,Plage du Gour de Tazenat,plage-du-gour-de-tazenat,"Plage du Gour de Tazenat, Charbonnières-les-Vieilles",Charbonnières-les-Vieilles,plage_lac,,,oui,"Plage autour d'un magnifique lac de cratère, parfait pour se détendre.",45.98537,2.988214
64,Pyrénées-Atlantiques,Grande Plage,grande-plage,"Grande Plage, Biarritz",Biarritz,grande_plage,oui,,oui,La Grande Plage de Biarritz est célèbre pour le surf et les familles.,43.4821,-1.559175
64,Pyrénées-Atlantiques,Plage d'Hendaye,plage-dhendaye,"Plage d'Hendaye, Hendaye",Hendaye,grande_plage,oui,,oui,C'est une des plus longues plages de sable fin de la côte basque.,43.36404,-1.761231
64,Pyrénées-Atlantiques,Plage de la Côte des Basques,plage-de-la-cote-des-basques,"Plage de la Côte des Basques, Biarritz",Biarritz,grande_plage,oui,,,Lieu emblématique pour le surf au cœur de Biarritz.,43.480954,-1.566356
64,Pyrénées-Atlantiques,Plage d'Ilbarritz,plage-dilbarritz,"Plage d'Ilbarritz, Bidart",Bidart,grande_plage,oui,,oui,"Située entre Bidart et Biarritz, idéale pour les initiés au surf.",43.4381,-1.589433
64,Pyrénées-Atlantiques,Plage de Parlementia,plage-de-parlementia,"Plage de Parlementia, Guéthary",Guéthary,crique,oui,,,Célèbre pour son spot de surf prisé des connaisseurs.,43.429018,-1.603058
64,Pyrénées-Atlantiques,Plage du Port Vieux,plage-du-port-vieux,"Plage du Port Vieux, Biarritz",Biarritz,crique,,,oui,"Petite crique abritée, parfaite pour les familles avec enfants.",43.48186,-1.566836
64,Pyrénées-Atlantiques,Plage de Lafitenia,plage-de-lafitenia,"Plage de Lafitenia, Saint-Jean-de-Luz",Saint-Jean-de-Luz,crique,oui,,,Un spot de surf sauvage pour les habitués.,43.38784,-1.663797
64,Pyrénées-Atlantiques,Plage des Deux Jumeaux,plage-des-deux-jumeaux,"Plage des Deux Jumeaux, Hendaye",Hendaye,grande_plage,oui,,oui,Une plage familiale avec vue sur les célèbres rochers Deux Jumeaux.,43.36404,-1.761231
64,Pyrénées-Atlantiques,Plage de Mayarco,plage-de-mayarco,"Plage de Mayarco, Saint-Jean-de-Luz",Saint-Jean-de-Luz,crique,oui,,,Plage discrète offrant une belle vue sur les falaises.,43.416631,-1.622698
65,Hautes-Pyrénées,Lac de Payolle,lac-de-payolle,"Lac de Payolle, Campan",Campan,plage_lac,,,oui,"Lac pittoresque entouré de forêts, offrant des activités nautiques douces.",42.936226,0.298032
66,Pyrénées-Orientales,Plage de Sainte-Cyprien,plage-de-sainte-cyprien,"Plage de Sainte-Cyprien, Sainte-Cyprien",Sainte-Cyprien,grande_plage,,,oui,Cette grande plage de sable fin est idéale pour les familles avec ses eaux peu profondes et ses activités nautiques.,42.68483,2.908287
66,Pyrénées-Orientales,Plage des Pins,plage-des-pins,"Plage des Pins, Argelès-sur-Mer",Argelès-sur-Mer,grande_plage,,,oui,Cette plage est bordée de pins et offre un cadre agréable pour la baignade et la détente en famille.,42.555229,3.045376
66,Pyrénées-Orientales,Plage de Collioure,plage-de-collioure,"Plage de Collioure, Collioure",Collioure,grande_plage,,,oui,"Avec ses vues sur le village et le château, cette plage est parfaite pour une journée de détente pittoresque.",42.631922,2.921178
66,Pyrénées-Orientales,Plage de Paulilles,plage-de-paulilles,"Plage de Paulilles, Port-Vendres",Port-Vendres,crique,,,oui,"Située dans une crique, la plage de Paulilles offre un cadre préservé et un panorama magnifique.",42.508271,3.12623
66,Pyrénées-Orientales,Plage de Banyuls-sur-Mer,plage-de-banyuls-sur-mer,"Plage de Banyuls-sur-Mer, Banyuls-sur-Mer",Banyuls-sur-Mer,grande_plage,,,oui,Cette plage est connue pour ses eaux cristallines et ses activités de snorkeling.,42.4815,3.129452
66,Pyrénées-Orientales,Plage d'Argent,plage-dargent,"Plage d'Argent, Le Tech",Le Tech,crique,,,,"Une petite crique isolée, idéale pour ceux qui recherchent la tranquillité loin des foules.",42.410522,2.544224
66,Pyrénées-Orientales,Plage de Tautavel,plage-de-tautavel,"Plage de Tautavel, Tautavel",Tautavel,crique,,,oui,"Petite crique rocheuse, charmante pour les petites escapades familiales.",42.778533,2.784448
66,Pyrénées-Orientales,Plage de Cerbère,plage-de-cerbere,"Plage de Cerbère, Cerbère",Cerbère,crique,,oui,,Connue pour sa tranquillité et ses magnifiques vues sur la Méditerranée.,42.652725,2.659976
66,Pyrénées-Orientales,Plage de la Marenda,plage-de-la-marenda,"Plage de la Marenda, Canet-en-Roussillon",Canet-en-Roussillon,grande_plage,oui,,oui,"Grande plage idéale pour le surf et les activités nautiques, très fréquentée par les familles et les sportifs.",42.691984,3.032448
68,Haut-Rhin,Plage du Lac de Kruth-Wildenstein,plage-du-lac-de-kruth-wildenstein,"Plage du Lac de Kruth-Wildenstein, Kruth",Kruth,plage_lac,,,oui,"Plage située dans un cadre naturel préservé, idéale pour les familles et les activités nautiques douces.",47.94655,6.955055
69,Rhône,Plage du lac des Sapins,plage-du-lac-des-sapins,"Plage du lac des Sapins, Cublize",Cublize,plage_lac,,,oui,"Une excellente option pour des activités en famille, avec des eaux sûres pour la baignade.",46.035511,4.339159
70,Haute-Saône,Plage de Vaivre-et-Montoille,plage-de-vaivre-et-montoille,"Plage de Vaivre-et-Montoille, Vaivre-et-Montoille",Vaivre-et-Montoille,plage_lac,,,oui,Plage située sur le lac de Vaivre pour des activités nautiques et moments en famille.,47.624402,6.121686
71,Saône-et-Loire,Plage du Lac de Laives,plage-du-lac-de-laives,"Plage, Laives",Laives,plage_lac,,,oui,"Plage aménagée au bord d'un lac, idéale pour se détendre en famille.",46.644585,4.845136
73,Savoie,Plage du Bourget,plage-du-bourget,"Plage du Bourget, Le Bourget-du-Lac",Le Bourget-du-Lac,plage_lac,,,oui,"Plage agréable au bord du Lac du Bourget, idéale pour les familles en été.",45.6487,5.859836
73,Savoie,Plage de Châtillon,plage-de-chatillon,"Plage de Châtillon, Chindrieux",Chindrieux,plage_lac,,,oui,"Plage tranquille et pittoresque sur les rives du Lac du Bourget, parfait pour une journée détente.",45.803129,5.844448
74,Haute-Savoie,Plage de Saint-Jorioz,plage-de-saint-jorioz,"Plage, Saint-Jorioz",Saint-Jorioz,plage_lac,,,oui,"Plage au bord du lac d'Annecy, idéale pour les familles grâce à ses aires de jeux et ses eaux peu profondes.",45.83385,6.163844
74,Haute-Savoie,Plage de Sévrier,plage-de-sevrier,"Plage, Sévrier",Sévrier,plage_lac,,,oui,"Plage proposant baignade, paddle et balades, appréciée pour sa vue sur le lac et les montagnes environnantes.",45.863537,6.140464
76,Seine-Maritime,Plage d'Étretat,plage-detretat,"Plage d'Étretat, Étretat",Étretat,grande_plage,,,oui,Célèbre pour sa vue sur les falaises de craie et sa proximité avec le village pittoresque.,49.707628,0.205567
76,Seine-Maritime,Plage de Dieppe,plage-de-dieppe,"Plage de Dieppe, Dieppe",Dieppe,grande_plage,,,oui,Plage de galets offrant une belle promenade maritime et vue sur le château.,49.902743,1.053447
77,Seine-et-Marne,Plage de Jablines-Annet,plage-de-jablines-annet,"Plage, Jablines",Jablines,plage_lac,,,oui,"Parfait pour une journée familiale, avec baignade et activités nautiques sur le lac.",48.917908,2.761576
80,Somme,Plage de Fort-Mahon,plage-de-fort-mahon,"Plage de Fort-Mahon, Fort-Mahon-Plage",Fort-Mahon-Plage,grande_plage,,,oui,Une vaste plage de sable idéale pour les familles avec de nombreuses activités nautiques.,50.34145,1.562797
80,Somme,Plage de Cayeux-sur-Mer,plage-de-cayeux-sur-mer,"Plage de Cayeux-sur-Mer, Cayeux-sur-Mer",Cayeux-sur-Mer,grande_plage,,,oui,Une promenade unique de galets faisant face à un large horizon marin.,50.17776,1.489626
81,Tarn,Plage du Lac de la Bancalié,plage-du-lac-de-la-bancalie,"Plage, Mont-Roc",Mont-Roc,plage_lac,,,oui,Cet espace offre une zone de baignade pour les familles au cœur de la nature.,43.803284,2.371339
82,Tarn-et-Garonne,Plage de Moissac,plage-de-moissac,"Plage, Moissac",Moissac,plage_lac,,,oui,Cette plage de lac est idéale pour les familles avec ses eaux calmes et ses installations adaptées.,44.10515,1.084769
83,Var,Plage de Pampelonne,plage-de-pampelonne,"Plage de Pampelonne, Ramatuelle",Ramatuelle,grande_plage,,,oui,Une des plus célèbres plages de sable fin de la Côte d'Azur.,43.214092,6.658626
83,Var,Plage de l'Escalet,plage-de-lescalet,"Plage de l'Escalet, Ramatuelle",Ramatuelle,crique,,oui,,"Petite crique isolée, idéale pour la baignade en toute tranquillité.",43.194456,6.632209
83,Var,Calanque de Port d'Alon,calanque-de-port-dalon,"Calanque de Port d'Alon, Saint-Cyr-sur-Mer",Saint-Cyr-sur-Mer,calanque,,,oui,Belle calanque offrant un cadre naturel préservé pour la baignade.,43.158742,5.714926
83,Var,Plage de la Courtade,plage-de-la-courtade,"Plage de la Courtade, Ile de Porquerolles",Hyères,grande_plage,,,oui,Plage familiale de Porquerolles avec des eaux claires et peu profondes.,42.997202,6.205616
78,Yvelines,Plage Notre-Dame,plage-notre-dame,"Plage Notre-Dame, Ile de Porquerolles",Hyères,crique,,,oui,Réputée pour sa beauté sauvage et son cadre naturel.,48.8066,2.132033
83,Var,Plage des Salins,plage-des-salins,"Plage des Salins, Hyères",Hyères,grande_plage,,,oui,Nombreux équipements pour les familles et longue étendue de sable.,43.125627,6.150116
83,Var,Plage d'Argent,plage-dargent,"Plage d'Argent, Ile de Porquerolles",Hyères,grande_plage,,,oui,"Sable aux reflets argentés, idéal pour les familles.",43.002431,6.203098
83,Var,Plage de la Coudoulière,plage-de-la-coudouliere,"Plage de la Coudoulière, Six-Fours-les-Plages",Six-Fours-les-Plages,calanque,,,oui,Petite plage familiale avec des eaux claires.,43.091379,5.811264
83,Var,Plage de Tamaris,plage-de-tamaris,"Plage de Tamaris, La Londe-les-Maures",La Londe-les-Maures,grande_plage,,,oui,Grande plage de sable fin bien équipée pour un séjour familial.,43.13787,6.234525
83,Var,Plage du Mourillon,plage-du-mourillon,"Plage du Mourillon, Toulon",Toulon,grande_plage,,,oui,"Plage urbaine bien aménagée, idéale pour les familles.",43.326652,6.048208
83,Var,Plage de Saint Clair,plage-de-saint-clair,"Plage de Saint Clair, Le Lavandou",Le Lavandou,grande_plage,,,oui,"Plage de sable fin, parfaite pour une journée en famille.",43.138138,6.3694
83,Var,Plage de Cavalière,plage-de-cavaliere,"Plage de Cavalière, Le Lavandou",Le Lavandou,grande_plage,,,oui,Plage étendue offrant de nombreuses activités nautiques.,43.160393,6.431515
83,Var,Plage de l'Almanarre,plage-de-lalmanarre,"Plage de l'Almanarre, Hyères",Hyères,grande_plage,oui,,oui,Réputée pour ses conditions idéales pour la planche à voile et le kitesurf.,43.090407,6.129235
85,Vendée,Plage des Dames,plage-des-dames,"Plage des Dames, Noirmoutier-en-l'Île",Noirmoutier-en-l'Île,grande_plage,,,oui,Plage célèbre pour son charme avec des cabines anciennes.,47.00002,-2.244323
85,Vendée,Plage de la Conche des Baleines,plage-de-la-conche-des-baleines,"Plage de la Conche des Baleines, L'Aiguillon-sur-Mer",L'Aiguillon-sur-Mer,grande_plage,oui,,oui,Idéale pour le surf et les activités familiales grâce à ses vastes étendues de sable.,46.304542,-1.270746
85,Vendée,Plage de Boisvinet,plage-de-boisvinet,"Plage de Boisvinet, Saint-Gilles-Croix-de-Vie",Saint-Gilles-Croix-de-Vie,grande_plage,,,oui,"Petite plage familiale et sécurisée, parfaite pour les jeunes enfants.",46.696286,-1.957686
85,Vendée,Grande Plage des Sables-d'Olonne,grande-plage-des-sables-dolonne,"Grande Plage, Les Sables-d'Olonne",Les Sables-d'Olonne,grande_plage,oui,,oui,Une grande plage urbaine idéale pour les familles et les amateurs de sports nautiques.,46.496506,-1.786183
85,Vendée,Plage de la Parée Grollier,plage-de-la-paree-grollier,"Plage de la Parée Grollier, Brétignolles-sur-Mer",Brétignolles-sur-Mer,crique,,,oui,Une jolie crique qui offre tranquillité et sécurité pour les familles.,46.625777,-1.873669
85,Vendée,Plage de Veillon,plage-de-veillon,"Plage de Veillon, Talmont-Saint-Hilaire",Talmont-Saint-Hilaire,estuaire,oui,,oui,"Située à l'embouchure d'une rivière, elle est parfaite pour le surf et les promenades.",46.44013,-1.65831
07,Ardèche,Plage de Saint-Cyr,plage-de-saint-cyr,"Plage de Saint-Cyr, Saint-Cyr",Saint-Cyr,plage_lac,,,oui,"Plage agréable au bord du lac de Saint-Cyr, idéale pour les familles avec de nombreuses activités.",45.25165,4.732293
87,Haute-Vienne,Plage de Vassivière,plage-de-vassiviere,"Plage de Vassivière, Beaumont-du-Lac",Beaumont-du-Lac,plage_lac,,,oui,"Plage aménagée le long du lac de Vassivière, idéale pour les familles et les pique-niques.",45.771023,1.835366
29,Finistère,Plage des Américains,plage-des-americains,"Plage des Américains, Gerardmer",Gerardmer,plage_lac,,,oui,"Plage idéale pour les familles, offrant une baignade agréable dans un cadre naturel.",47.84748,-4.167677
89,Yonne,Lac du Bourdon,lac-du-bourdon,"Lac du Bourdon, Saint-Fargeau",Saint-Fargeau,plage_lac,,,oui,Le lac du Bourdon offre une belle plage pour la baignade et des activités nautiques en famille.,47.617447,3.09091
90,Territoire de Belfort,Plage du Malsaucy,plage-du-malsaucy,"Plage du Malsaucy, Sermamagny",Sermamagny,plage_lac,,,oui,"Située au bord du Lac du Malsaucy, cette plage est idéale pour les familles avec ses nombreuses activités nautiques.",47.684267,6.812737
37,Indre-et-Loire,Base de loisirs d'Étampes,base-de-loisirs-detampes,"Base de loisirs, Étampes",Étampes,plage_lac,,,oui,Une base de loisirs offrant diverses activités nautiques et une plage aménagée pour la baignade.,47.159837,1.161622
95,Val-d'Oise,Plage de L'Isle-Adam,plage-de-lisle-adam,"Plage, L'Isle-Adam",L'Isle-Adam,plage_lac,,,oui,Plage fluviale prisée pour la baignade et les activités familiales.,49.112164,2.217261
2A,Corse-du-Sud,Plage de Palombaggia,plage-de-palombaggia,"Plage de Palombaggia, Porto-Vecchio",Porto-Vecchio,grande_plage,,,oui,Cette plage est célèbre pour son sable blanc et ses eaux cristallines.,41.564805,9.325777
2A,Corse-du-Sud,Plage de Santa Giulia,plage-de-santa-giulia,"Plage de Santa Giulia, Porto-Vecchio",Porto-Vecchio,grande_plage,,,oui,Un lagon paradisiaque qui attire les familles pour la baignade en toute sécurité.,41.534415,9.278666
2A,Corse-du-Sud,Plage de Cupabia,plage-de-cupabia,"Plage de Cupabia, Serra-di-Ferro",Serra-di-Ferro,grande_plage,oui,,oui,Une belle étendue de nature sauvage parfaite pour le surf et le farniente.,41.741307,8.794576
2A,Corse-du-Sud,Plage de Campomoro,plage-de-campomoro,"Plage de Campomoro, Belvédère-Campomoro",Belvédère-Campomoro,crique,,,oui,Cette petite crique est idéale pour les familles recherchant la tranquillité.,41.629208,8.815996
2A,Corse-du-Sud,Plage de Roccapina,plage-de-roccapina,"Plage de Roccapina, Sartène",Sartène,crique,,,oui,"Connue pour son célèbre rocher en forme de lion, idéal pour la détente.",41.498997,8.948859
2A,Corse-du-Sud,Plage de Mare e Sole,plage-de-mare-e-sole,"Plage de Mare e Sole, Pietrosella",Pietrosella,grande_plage,,,oui,Large plage de sable fin très prisée par les familles et les locaux.,41.843887,8.772846
2A,Corse-du-Sud,Plage d’Argent,plage-dargent,"Plage d’Argent, Coti-Chiavari",Coti-Chiavari,grande_plage,,,oui,Plage de sable blanc idéale pour les baignades en famille.,41.772285,8.771013
2A,Corse-du-Sud,Plage de Saint-Antoine,plage-de-saint-antoine,"Plage de Saint-Antoine, Bonifacio",Bonifacio,crique,,,oui,Petite crique cachée pour ceux qui cherchent à fuir les foules.,41.924885,8.711872
2A,Corse-du-Sud,Plage de Tizzano,plage-de-tizzano,"Plage de Tizzano, Sartène",Sartène,crique,oui,,oui,Petit paradis de nature pour le surf et la baignade familiale.,41.538242,8.855515
2A,Corse-du-Sud,Plage de Paragan,plage-de-paragan,"Plage de Paragan, Bonifacio",Bonifacio,crique,,,oui,Crique isolée à l'abri des regards parfaite pour une journée tranquille.,41.387264,9.159882
2A,Corse-du-Sud,Plage d'Arone,plage-darone,"Plage d'Arone, Piana",Piana,grande_plage,,,oui,Belle plage large et accueillante offrant des vues à couper le souffle.,42.23807,8.636518
2A,Corse-du-Sud,Plage de La Tonnara,plage-de-la-tonnara,"Plage de La Tonnara, Bonifacio",Bonifacio,grande_plage,oui,,oui,Réputée pour ses conditions de surf et ses eaux turquoises.,41.387264,9.159882
2A,Corse-du-Sud,Plage de Cupabia,plage-de-cupabia,"Plage de Cupabia, Coti-Chiavari",Coti-Chiavari,crique,,,oui,Lieu apprécié pour son calme et sa beauté sauvage.,41.772285,8.771013
2B,Haute-Corse,Plage de Saleccia,plage-de-saleccia,"Plage de Saleccia, Santo-Pietro-di-Tenda",Santo-Pietro-di-Tenda,grande_plage,,,oui,"Connue pour son sable blanc et ses eaux cristallines, idéale pour un jour en famille.",42.7204,9.202204
2B,Haute-Corse,Plage de l'Ostriconi,plage-de-lostriconi,"Plage de l'Ostriconi, Palasca",Palasca,grande_plage,,oui,,Sa beauté sauvage à l'embouchure de la rivière Ostriconi attire les amoureux de nature préservée.,42.606037,9.428334
2B,Haute-Corse,Plage de Bodri,plage-de-bodri,"Plage de Bodri, Corbara",Corbara,grande_plage,,,oui,Cette plage de sable fin est encadrée par une dense végétation méditerranéenne.,42.626763,8.912919
2B,Haute-Corse,Plage de Calvi,plage-de-calvi,"Plage de Calvi, Calvi",Calvi,grande_plage,,,oui,Proche des commodités de la ville et offrant de nombreuses activités nautiques.,42.553473,8.789752
2B,Haute-Corse,Plage de Nonza,plage-de-nonza,"Plage de Nonza, Nonza",Nonza,crique,,,,"Plage de galets noirs au pied de la falaise, accessible par un chemin escarpé.",42.78487,9.344829
2B,Haute-Corse,Plage de la Roya,plage-de-la-roya,"Plage de la Roya, Saint-Florent",Saint-Florent,grande_plage,oui,,oui,Un spot populaire pour le surf et les activités nautiques avec une belle vue sur le golfe.,42.67406,9.292183
2B,Haute-Corse,Plage de Ghignu,plage-de-ghignu,"Plage de Ghignu, Santo-Pietro-di-Tenda",Santo-Pietro-di-Tenda,crique,,,,"Accessible uniquement à pied ou en 4x4, parfaite pour ceux qui cherchent la tranquillité.",42.604782,9.259376
2B,Haute-Corse,Plage de Lozari,plage-de-lozari,"Plage de Lozari, Belgodère",Belgodère,grande_plage,,,oui,Plage familiale avec un grand espace pour les activités sportives.,42.586993,9.021154
2B,Haute-Corse,Plage de Ficajola,plage-de-ficajola,"Plage de Ficajola, Piana",Piana,crique,,,,"Petite crique au coeur des falaises de Piana, parfaite pour une baignade tranquille.",42.379496,9.47752
2B,Haute-Corse,Plage d'Alga,plage-dalga,"Plage d'Alga, Lumio",Lumio,crique,,oui,,"Une crique discrète et sauvage, prisée par les amateurs de nature.",42.578255,8.833539
2B,Haute-Corse,Plage de Capo di Feno,plage-de-capo-di-feno,"Plage de Capo di Feno, Ajaccio",Ajaccio,grande_plage,oui,,oui,"Connue pour ses conditions favorables au surf, cette plage large est aussi prisée des familles.",42.288426,9.163149