code_dep,departement,nom,slug,commune_depart,justification,niveau_souhaite,difficulte,denivele_positif_m,distance_km,duree_estimee,point_depart_precis,parking_info,url_trace,gpx_url,lat_depart,lng_depart
03,Allier,Domaine de Chazoux,domaine-de-chazoux,Gannat,,facile,T1,~105,3,1h06,,,,,46.11106005,3.16417295
63,Puy-de-Dôme,Le Chateau de Ligondes,le-chateau-de-ligondes,Château-sur-Cher,,facile,T1,~260,13,4h07,,,,,46.13238575,2.5576513
63,Puy-de-Dôme,Le Puy de Montoncel,le-puy-de-montoncel,Saint-Victor-Montvianeix,,modere,T2,~455,13,4h46,,,,,45.9313921,3.6704324
03,Allier,Tour du plan d'eau de Saint-Clément,tour-du-plan-deau-de-saint-clement,Le Mayet-de-Montagne,,facile,T1,~175,5,1h50,,,,,46.081742750000004,3.6905269499999998
04,Alpes-de-Haute-Provence,Sentier du Bastidon,sentier-du-bastidon,La Palud-sur-Verdon,,difficile,T3,870,15.7,6h49,,,,,43.77538505,6.31090125
04,Alpes-de-Haute-Provence,Le Sommet du Cousson,le-sommet-du-cousson,Entrages,,difficile,T3,883,12,5h57,,,,,44.05548045,6.250292249999999
04,Alpes-de-Haute-Provence,Le Grès d'Annot,le-gres-dannot,Annot,,modere,T2,416,6,2h53,,,,,43.96462345,6.6770942
04,Alpes-de-Haute-Provence,Belvédère du Pidanoux,belvedere-du-pidanoux,Saint-Julien-du-Verdon,,modere,T2,318,8,3h04,,,,,43.92400645,6.5390613
04,Alpes-de-Haute-Provence,Château plus Haut,chateau-plus-haut,Chaudon-Norante,,modere,T2,487,10,4h07,,,,,43.985844,6.34197435
04,Alpes-de-Haute-Provence,Lac d'Esparron-de-Verdon - sentier du garde-canal,lac-desparron-de-verdon---sentier-du-garde-canal,Esparron-de-Verdon,,facile,T1,198,8.5,2h47,,,,,43.73054755,5.9510783499999995
04,Alpes-de-Haute-Provence,Crête de la Colle,crete-de-la-colle,Piégut,,modere,T2,390,7,3h03,,,,,44.443914899999996,6.1220911000000005
04,Alpes-de-Haute-Provence,Trail Montée de l'Estrop,trail-montee-de-lestrop,Prads-Haute-Bléone,,difficile,T4,1810,12.6,9h11,,,,,44.2639492,6.501804249999999
04,Alpes-de-Haute-Provence,Sommet du Blayeul,sommet-du-blayeul,Verdaches,,difficile,T3,1101,11.5,6h33,,,,,44.256375750000004,6.33019875
04,Alpes-de-Haute-Provence,Baou de Parou,baou-de-parou,Annot,,modere,T2,399,5,2h35,,,,,43.97349185,6.6675981
05,Hautes-Alpes,Boucle du Pigeonnier dans le cirque du Gioberney,boucle-du-pigeonnier-dans-le-cirque-du-gioberney,La Chapelle-en-Valgaudémar,,difficile,T3,821,9.5,5h07,,,,,44.850327449999995,6.2856076000000005
05,Hautes-Alpes,Le Tour de Guizière,le-tour-de-guiziere,Gap,,modere,T2,573,7.1,3h41,,,,,44.60010645,6.0519646
05,Hautes-Alpes,Puy Cervier,puy-cervier,Valserres,,modere,T2,594,13,5h14,,,,,44.502671649999996,6.1387824
05,Hautes-Alpes,Le Saut du Laire,le-saut-du-laire,Orcières,,modere,T2,415,9.1,3h39,,,,,44.67965595,6.3802947
05,Hautes-Alpes,Le refuge du Tourond,le-refuge-du-tourond,Les Borels,,modere,T2,321,6,2h34,,,,,44.7197719,6.2345334999999995
05,Hautes-Alpes,La Sainte-Croix,la-sainte-croix,Fouillouse,,modere,T2,683,14,5h47,,,,,44.4364707,5.99629615
05,Hautes-Alpes,Eldorado ! Le col du Charnier,eldorado--le-col-du-charnier,Le Dévoluy,,difficile,T3,957,16,7h11,,,,,44.7016689,5.84711135
05,Hautes-Alpes,ELdorado ! Les Agniellards,eldorado--les-agniellards,Aspres-sur-Buëch,,facile,T1,283,6,2h27,,,,,44.5844206,5.78450155
05,Hautes-Alpes,La Beaume - La Haute Beaume,la-beaume---la-haute-beaume,La Haute-Beaume,,modere,T2,462,8,3h32,,,,,44.5592202,5.63132865
05,Hautes-Alpes,Bonnet Rouge,bonnet-rouge,L'Épine,,difficile,T3,1194,14,7h29,,,,,44.43193095,5.6073156
05,Hautes-Alpes,Arambre,arambre,Serres,,difficile,T3,906,12,6h01,,,,,44.42062475,5.73682625
05,Hautes-Alpes,La Manche,la-manche,Manteyer,,facile,T1,279,6,2h26,,,,,44.52089035,5.92903685
06,Alpes-Maritimes,Puy de Naouri,puy-de-naouri,Tourrettes-sur-Loup,,modere,T2,650,13,5h25,,,,,43.7314277,7.0647079
06,Alpes-Maritimes,Plateau de Caussols,plateau-de-caussols,Caussols,,modere,T2,420,14,4h54,,,,,43.72699095,6.9150846999999995
06,Alpes-Maritimes,Tour du Cap d'Antibes,tour-du-cap-dantibes,Antibes,,facile,T1,30,4.8,1h18,,,,,43.5497721,7.1364883500000005
06,Alpes-Maritimes,Cime de Baudon,cime-de-baudon,Peille,,modere,T2,620,7,3h49,,,,,43.80757025,7.4155427
06,Alpes-Maritimes,Vallée de la Brague,vallee-de-la-brague,Valbonne,,facile,T1,180,9.8,3h03,,,,,43.63225405,7.052295600000001
06,Alpes-Maritimes,Les Balcons de Carros,les-balcons-de-carros,Carros,,modere,T2,350,4.8,2h22,,,,,43.792063150000004,7.18088315
06,Alpes-Maritimes,Circuit du mont Bastide,circuit-du-mont-bastide,Èze,,modere,T2,600,5.9,3h29,,,,,43.7270764,7.35467555
30,Gard,Les dolmens de l’Ismaël,les-dolmens-de-lismael,Courry,,modere,T2,303,9.2,3h19,,,,,44.305492349999994,4.158295
07,Ardèche,Sentier botanique de Beaumont,sentier-botanique-de-beaumont,Beaumont,,facile,T1,248,6,2h20,,,,,44.5427066,4.18212495
07,Ardèche,La Conchy - Serre de Suzon,la-conchy---serre-de-suzon,Saint-Étienne-de-Boulogne,,modere,T2,366,3.5,2h06,,,,,44.71349565,4.4764076500000005
07,Ardèche,Chauzon - Audon,chauzon---audon,Balazuc,,facile,T1,98,3.1,1h06,,,,,44.49527295,4.35813125
07,Ardèche,Le tour du Lac,le-tour-du-lac,Le Lac-d'Issarlès,,facile,T1,~140,4,1h28,,,,,44.8178618,4.0702640500000005
30,Gard,Viaduc de Doulovy,viaduc-de-doulovy,Gagnières,,facile,T1,287,12.5,4h05,,,,,44.325274300000004,4.125851900000001
07,Ardèche,Gamondès - Le Soupley,gamondes---le-soupley,Genestelle,,modere,T2,410,3.1,2h08,,,,,44.760434700000005,4.3981998
07,Ardèche,Lanas - Servières,lanas---servieres,Lanas,,facile,T1,80,3.2,1h04,,,,,44.520752099999996,4.3893111000000005
07,Ardèche,Faussimagne - L'Abeille,faussimagne---labeille,Labeaume,,facile,T1,117,3.3,1h13,,,,,44.47799505,4.3267671
07,Ardèche,Le Moulin des Prés - Le Patio,le-moulin-des-pres---le-patio,Saint-Julien-du-Serre,,facile,T1,118,4,1h24,,,,,44.6680822,4.404800099999999
08,Ardennes,La Chapelle de Masmes,la-chapelle-de-masmes,Buzancy,,modere,T2,~385,11,4h02,,,,,49.440702099999996,4.97297645
08,Ardennes,Sentier n°24,sentier-n24,Angecourt,,modere,T2,~315,9,3h18,,,,,49.64008705,4.9786185
08,Ardennes,Sentier du Bois Talot,sentier-du-bois-talot,Illy,,facile,T1,~273,7.8,2h52,,,,,49.7431849,4.9676822
08,Ardennes,GR 16 Liaison vers GR 12,gr-16-liaison-vers-gr-12,Sécheval,,difficile,T3,~1210,22,9h32,,,,,49.85545005,4.6423602
09,Ariège,Etangs de Fontargente et de l'Estagnol en boucle,etangs-de-fontargente-et-de-lestagnol-en-boucle,Aston,,modere,T2,500,11,4h25,,,,,42.6385067,1.70954305
09,Ariège,Pont de Pedrosa al Coll de la Pala de Clavera,pont-de-pedrosa-al-coll-de-la-pala-de-clavera,Alt Àneu,,difficile,T3,1100,6.6,5h19,,,,,42.76891115,1.0777507499999999
09,Ariège,L'Étang d'En Beys,letang-den-beys,Orlu,,difficile,T3,850,8,4h50,,,,,42.652608650000005,1.955483
09,Ariège,La Molinasa al Port de Sotllo,la-molinasa-al-port-de-sotllo,Alins,,difficile,T3,1200,7.4,5h51,,,,,42.64512755,1.38581855
09,Ariège,Tour des Hameaux,tour-des-hameaux,Serres-sur-Arget,,facile,T1,~190,9.5,3h,,,,,42.97265685,1.5187323
09,Ariège,Le Tour de la Pique,le-tour-de-la-pique,Ussat,,modere,T2,~346,9.9,3h37,,,,,42.841108000000006,1.6254562
09,Ariège,Plans del Pas Estret a Port dera Horqueta,plans-del-pas-estret-a-port-dera-horqueta,Naut Aran,,facile,T1,~112,3.2,1h10,,,,,42.800134850000006,0.8934058
09,Ariège,Tour du Lac de Montbel,tour-du-lac-de-montbel,Léran,,modere,T2,~320,16,5h04,,,,,42.981385,1.9524129000000001
09,Ariège,[서울둘레길] 21코스 / 북한산 도봉코스,-21---,서울특별시,,facile,T1,~256,7.3,2h41,,,,,37.675187,127.02963825
09,Ariège,Refugi del Fornet al Port de Salau,refugi-del-fornet-al-port-de-salau,Alt Àneu,,modere,T2,740,4.2,3h31,,,,,42.732836899999995,1.11883205
09,Ariège,Étangs Long et Rond,etangs-long-et-rond,Bordes-Uchentein,,modere,T2,~508,14.5,5h19,,,,,42.81069565,1.04379225
09,Ariège,La Randonnée de la Grasale,la-randonnee-de-la-grasale,Serres-sur-Arget,,modere,T2,~426,12.2,4h28,,,,,42.969450249999994,1.4905509499999998
11,Aude,Sentier Brenac-Lasserre-Gourgaoura,sentier-brenac-lasserre-gourgaoura,Quillan,,modere,T2,400,10,3h50,,,,,42.887824550000005,2.1695868
11,Aude,Sources de la Salz,sources-de-la-salz,Sougraigne,,modere,T2,500,14,5h10,,,,,42.9030892,2.3746975
11,Aude,Les Martys,les-martys,Caudebronde,,modere,T2,310,11,3h47,,,,,43.4001913,2.30703225
11,Aude,Petite Boucle Communauté de commune,petite-boucle-communaute-de-commune,Pradelles-Cabardès,,facile,T1,~140,4,1h28,,,,,43.403005050000004,2.43673605
11,Aude,Sentier Col de Brenac-Nez de l’Homme-Roc de Capio,sentier-col-de-brenac-nez-de-lhomme-roc-de-capio,Quillan,,modere,T2,420,6.5,3h01,,,,,42.883146249999996,2.1694386999999997
11,Aude,Fleur de Sel,fleur-de-sel,Sougraigne,,facile,T1,280,6.3,2h31,,,,,42.8963472,2.39985495
11,Aude,Sentier Botanique,sentier-botanique,Rennes-les-Bains,,facile,T1,300,14,4h30,,,,,42.90887855,2.33434835
12,Aveyron,Autour de Sylvanès,autour-de-sylvanes,Sylvanès,,modere,T2,314,11,3h48,,,,,43.8285131,2.9667664
30,Gard,Saint-Guiral,saint-guiral,Dourbies,,modere,T2,764,18,7h03,,,,,44.0434113,3.45127755
12,Aveyron,Circuit des 3 clochers,circuit-des-3-clochers,Sainte-Croix,,modere,T2,~340,17,5h23,,,,,44.406071,1.9755072999999999
30,Gard,Les croix des trois évêques,les-croix-des-trois-eveques,Lanuéjols,,facile,T1,31,5.4,1h27,,,,,44.163824,3.3682484500000003
12,Aveyron,Des Vignes aux Moulins,des-vignes-aux-moulins,Gradels,,modere,T2,~385,11,4h02,,,,,44.45836825,2.45291925
12,Aveyron,Tour du Puech de Kaymard,tour-du-puech-de-kaymard,Pruines,,facile,T1,~175,5,1h50,,,,,44.547011600000005,2.4777617000000003
12,Aveyron,Les trois clochers,les-trois-clochers,Saint-Santin,,modere,T2,~385,11,4h02,,,,,44.65083305,2.2356723499999998
12,Aveyron,Entre Deux Vallées,entre-deux-vallees,Combes,,modere,T2,~301,8.6,3h09,,,,,44.534947900000006,2.27257535
12,Aveyron,VdT 09 : Le Truel à Brousse-le-Château,vdt-09--le-truel-a-brousse-le-chateau,Broquiès,,difficile,T3,~990,18,7h48,,,,,44.02284225,2.6944397999999996
15,Cantal,MCVL3 : Pailherols - Mur-de-Barrez,mcvl3--pailherols---mur-de-barrez,Raulhac,,modere,T2,~781,14.2,6h09,,,,,44.897559599999994,2.66650305
13,Bouches-du-Rhône,Entre calanques et collines,entre-calanques-et-collines,Carry-le-Rouet,,modere,T2,~420,12,4h24,,,,,43.3429609,5.137377750000001
13,Bouches-du-Rhône,Maussane-les-Alpilles vers les Baux-de-Provence,maussane-les-alpilles-vers-les-baux-de-provence,Paradou,,modere,T2,~403,11.5,4h13,,,,,43.73073535,4.78790455
13,Bouches-du-Rhône,Forêt de Castillon Etangs de Pourra et d’Engrenier,foret-de-castillon-etangs-de-pourra-et-dengrenier,Port-de-Bouc,,facile,T1,~280,8,2h56,,,,,43.4355937,4.988449299999999
13,Bouches-du-Rhône,La randonnée des amis,la-randonnee-des-amis,Berre-l'Étang,,modere,T2,~308,8.8,3h14,,,,,43.5006283,5.1339640499999994
13,Bouches-du-Rhône,Lançon-de-Provence et ses collines,lancon-de-provence-et-ses-collines,Lançon-Provence,,facile,T1,~263,7.5,2h45,,,,,43.59116985,5.13991095
13,Bouches-du-Rhône,Entre rizières et roselières sur le sentier du Pont de Rousty,entre-rizieres-et-roselieres-sur-le-sentier-du-pont-de-rousty,Arles,,facile,T1,~186,5.3,1h57,,,,,43.6155233,4.53065405
14,Calvados,Les Rochers de Brisevieille,les-rochers-de-brisevieille,Cossesseville,,facile,T1,263,9.5,3h15,,,,,48.8991534,-0.411103
14,Calvados,La Vigne,la-vigne,Culey-le-Patry,,facile,T1,205,6,2h11,,,,,48.9571071,-0.520308
14,Calvados,Circuit de la Vallée de l'Ante,circuit-de-la-vallee-de-lante,Eraines,,facile,T1,143,12,3h29,,,,,48.908322299999995,-0.16436305
15,Cantal,Sentier Art et Nature,sentier-art-et-nature,Rézentières,,modere,T2,504,9.2,3h59,,,,,45.15468355,3.1164308500000004
15,Cantal,Le Bois du Vaulmier,le-bois-du-vaulmier,Saint-Vincent-de-Salers,,modere,T2,500,10,4h10,,,,,45.19229775,2.55133185
15,Cantal,Chante-Cigale,chante-cigale,Saint-Santin-de-Maurs,,facile,T1,160,8.7,2h42,,,,,44.65085025,2.20079475
63,Puy-de-Dôme,Les Gorges de Leyvaux et d'Apcher,les-gorges-de-leyvaux-et-dapcher,Anzat-le-Luguet,,modere,T2,~397,11.3,4h09,,,,,45.32063985,3.0615517
63,Puy-de-Dôme,Le Bois de Rochemave,le-bois-de-rochemave,Cros,,facile,T1,~210,6,2h12,,,,,45.47158655,2.6207512
15,Cantal,Sentier des Buissières,sentier-des-buissieres,Cassaniouze,,facile,T1,195,3.2,1h27,,,,,44.6448259,2.348408
63,Puy-de-Dôme,Auger,auger,Égliseneuve-d'Entraigues,,modere,T2,~350,10,3h40,,,,,45.406986149999994,2.8096138
43,Haute-Loire,VA 06 : Blesle - Massiac,va-06--blesle---massiac,Grenier-Montgon,,modere,T2,~473,13.5,4h57,,,,,45.285473499999995,3.19557715
15,Cantal,VA 11 : Saint-Jacques-des-Blats - Vic-sur-Cère,va-11--saint-jacques-des-blats---vic-sur-cere,Thiézac,,modere,T2,~578,16.5,6h03,,,,,45.0153082,2.67037645
15,Cantal,MCVL1 : Murat - col de Prat-de-Bouc,mcvl1--murat---col-de-prat-de-bouc,Albepierre-Bredons,,modere,T2,~638,11.6,5h02,,,,,45.081338349999996,2.83356765
17,Charente-Maritime,Sentier du Littoral - Rivedoux-Plage,sentier-du-littoral---rivedoux-plage,Rivedoux-Plage,,modere,T2,~385,11,4h02,,,,,46.15579495,-1.28014615
46,Lot,Circuit des 4 croix,circuit-des-4-croix,Cavagnac,,facile,T1,180,8.5,2h44,,,,,45.021546650000005,1.63472795
46,Lot,La boucle du Ségala,la-boucle-du-segala,Cahus,,facile,T1,300,10,3h30,,,,,44.96701195,1.9161807
19,Corrèze,Les Balcons de la Corrèze,les-balcons-de-la-correze,Cornil,,facile,T1,~300,15,4h45,,,,,45.213177200000004,1.7046735000000002
63,Puy-de-Dôme,Saint-Jean-du-Desert,saint-jean-du-desert,Savennes,,modere,T2,~360,18,5h42,,,,,45.5864651,2.4826212
19,Corrèze,La Chapelle d'Artiges,la-chapelle-dartiges,Saint-Privat,,facile,T1,~250,12.5,3h58,,,,,45.1539174,2.1100364000000003
15,Cantal,VA 14 : Laroquebrou - Camps-Saint-Mathurin,va-14--laroquebrou---camps-saint-mathurin,Siran,,difficile,T3,~1293,23.5,10h11,,,,,44.97655915,2.0899692500000002
21,Côte-d'Or,Montagne de Beaune,montagne-de-beaune,Beaune,,facile,T1,232,9.3,3h05,,,,,47.0381562,4.81602625
21,Côte-d'Or,Sentier Jean Montmey,sentier-jean-montmey,Plombières-lès-Dijon,,modere,T2,410,11.3,4h11,,,,,47.332496899999995,4.9861656
21,Côte-d'Or,Alésia d'un camp à l'autre,alesia-dun-camp-a-lautre,Flavigny-sur-Ozerain,,modere,T2,410,16,5h22,,,,,47.525279049999995,4.499618099999999
35,Ille-et-Vilaine,Médréac - vallée du Néal,medreac---vallee-du-neal,Médréac,,modere,T2,~360,18,5h42,,,,,48.275436,-2.05582615
22,Côtes-d'Armor,Boucle de Saint-Jacques,boucle-de-saint-jacques,Tréméven,,facile,T1,~203,5.8,2h08,,,,,48.67729505,-3.03550725
22,Côtes-d'Armor,Circuit de la Grande Tranchée,circuit-de-la-grande-tranchee,Glomel,,modere,T2,~326,9.3,3h25,,,,,48.22842315,-3.38491275
35,Ille-et-Vilaine,Circuit du Hil,circuit-du-hil,Saint-Thual,,modere,T2,~420,21,6h39,,,,,48.33399215,-1.9039791
22,Côtes-d'Armor,Tro Sant Houarne,tro-sant-houarne,Bourbriac,,facile,T1,~263,7.5,2h45,,,,,48.44976565,-3.23634185
22,Côtes-d'Armor,Circuit des Moulins,circuit-des-moulins,Kerpert,,facile,T1,~210,6,2h12,,,,,48.3849505,-3.1298411
63,Puy-de-Dôme,Les Étangs,les-etangs,Montel-de-Gelat,,modere,T2,~630,18,6h36,,,,,45.94844075,2.5960371
63,Puy-de-Dôme,La Roche d'Agoux,la-roche-dagoux,Saint-Maurice-près-Pionsat,,modere,T2,~595,17,6h14,,,,,46.04790255,2.6081222
63,Puy-de-Dôme,Le Chateau de Ligondes,le-chateau-de-ligondes,Château-sur-Cher,,facile,T1,~260,13,4h07,,,,,46.13238575,2.5576513
63,Puy-de-Dôme,Étang du Vernet,etang-du-vernet,La Celle,,facile,T1,~140,7,2h13,,,,,45.85522965,2.4550613500000003
24,Dordogne,Boucle du Polissoir,boucle-du-polissoir,Campagne,,facile,T1,150,5.2,1h48,,,,,44.91083810000001,0.9760219
24,Dordogne,Boucle de la Forêt,boucle-de-la-foret,Jayac,,facile,T1,200,8.5,2h47,,,,,45.03874665,1.3575642
24,Dordogne,Boucle des Étangs,boucle-des-etangs,Saint-Geniès,,facile,T1,~270,7.7,2h50,,,,,44.98216865,1.2539589
24,Dordogne,Boucle du rocher du corbeau,boucle-du-rocher-du-corbeau,Beaumontois en Périgord,,modere,T2,~420,12,4h24,,,,,44.79160145,0.7364573000000001
24,Dordogne,Boucle de Cap de fer,boucle-de-cap-de-fer,Le Fleix,,facile,T1,~277,7.9,2h54,,,,,44.8832178,0.23287715
24,Dordogne,Boucle de Saint-Georges-Blancaneix,boucle-de-saint-georges-blancaneix,Saint-Georges-Blancaneix,,modere,T2,~392,11.2,4h06,,,,,44.915007849999995,0.36654675000000003
25,Doubs,Circuit de la Chapelle des Buis,circuit-de-la-chapelle-des-buis,Besançon,,facile,T1,250,6.3,2h24,,,,,47.21809575,6.03900075
25,Doubs,Sentier des Sources 1,sentier-des-sources-1,Vaire-le-Grand,,facile,T1,290,7.5,2h51,,,,,47.2761651,6.15370005
25,Doubs,Sentier du Ruisseau,sentier-du-ruisseau,Boussières,,facile,T1,270,9.2,3h12,,,,,47.14935255,5.904245550000001
25,Doubs,Les Hauts de Divicius,les-hauts-de-divicius,Devecey,,facile,T1,250,7.8,2h47,,,,,47.3185955,6.024752299999999
25,Doubs,Les Belvédères,les-belvederes,Renédale,,difficile,T3,1123,13,6h60,,,,,47.0217849,6.281707
25,Doubs,Le Tour de Barchet,le-tour-de-barchet,Passonfontaine,,facile,T1,283,6.6,2h36,,,,,47.0992377,6.4136
25,Doubs,Tour du Monniot,tour-du-monniot,Myon,,modere,T2,~340,9.7,3h33,,,,,47.01633635,5.94745905
05,Hautes-Alpes,Eldorado ! Le col du Charnier,eldorado--le-col-du-charnier,Le Dévoluy,,difficile,T3,957,16,7h11,,,,,44.7016689,5.84711135
05,Hautes-Alpes,Le Luzet,le-luzet,La Haute-Beaume,,modere,T2,380,8,3h16,,,,,44.5772757,5.6234462
26,Drôme,Le Duffre,le-duffre,Valdrôme,,difficile,T3,927,15,6h50,,,,,44.470379199999996,5.5883313999999995
26,Drôme,L'Hostunoise,lhostunoise,Hostun,,facile,T1,230,6,2h16,,,,,45.037043,5.20829265
26,Drôme,Adret de Bluye,adret-de-bluye,Mollans-sur-Ouvèze,,modere,T2,~350,10,3h40,,,,,44.23085545,5.20775995
26,Drôme,Sentier d'interprétation du karst,sentier-dinterpretation-du-karst,Bouvante,,facile,T1,~161,4.6,1h41,,,,,44.8918818,5.3236206500000005
84,Vaucluse,Bornes Papales,bornes-papales,Valréas,,facile,T1,~200,10,3h10,,,,,44.36941575,5.0415329
05,Hautes-Alpes,Le Serre du Charron,le-serre-du-charron,La Piarre,,modere,T2,655,12,5h11,,,,,44.49345825,5.64626445
26,Drôme,Crête de Bluye,crete-de-bluye,Mollans-sur-Ouvèze,,facile,T1,~280,8,2h56,,,,,44.22700155,5.2105376
26,Drôme,Bel-Air,bel-air,Mollans-sur-Ouvèze,,facile,T1,~298,8.5,3h07,,,,,44.24629625,5.1896481
29,Finistère,La Tourbière de Langazel,la-tourbiere-de-langazel,Trémaouézan,,facile,T1,20,9,2h19,,,,,48.50801075,-4.26826025
29,Finistère,Tro Brec’horay,tro-brechoray,Coray,,facile,T1,~298,8.5,3h07,,,,,48.0699467,-3.8365197
29,Finistère,Sentiers des Moulins,sentiers-des-moulins,Plouzévédé,,facile,T1,221,12,3h44,,,,,48.5935178,-4.0928553
29,Finistère,Le circuit des korrigans,le-circuit-des-korrigans,Beuzec-Cap-Sizun,,facile,T1,~180,9,2h51,,,,,48.0885279,-4.46420805
29,Finistère,Boucle du Vanneg,boucle-du-vanneg,Henvic,,modere,T2,446,9.4,3h50,,,,,48.641756,-3.9392406
29,Finistère,Rand'Abers 11,randabers-11,Plouvien,,modere,T2,~595,17,6h14,,,,,48.53679125,-4.46922165
29,Finistère,sentier de l'allée couverte,sentier-de-lallee-couverte,Saint-Goazec,,modere,T2,~333,9.5,3h29,,,,,48.1346336,-3.72959815
30,Gard,Fontfouillouse,fontfouillouse,Les Plantiers,,modere,T2,751,14.2,6h03,,,,,44.1198971,3.6995819
30,Gard,Sur la route des Rutènes,sur-la-route-des-rutenes,Molières-Cavaillac,,modere,T2,502,10.1,4h12,,,,,43.9822888,3.5612658
30,Gard,Camprieu,camprieu,Saint-Sauveur-Camprieu,,modere,T2,574,16.7,6h05,,,,,44.0987908,3.45895965
30,Gard,Château de Montalet,chateau-de-montalet,Gammal,,modere,T2,364,9.6,3h37,,,,,44.25984655,4.16385715
30,Gard,D'un Gardon à l'autre,dun-gardon-a-lautre,Saint-Jean-du-Gard,,modere,T2,560,8.7,4h02,,,,,44.1173981,3.87836365
30,Gard,Le gué d'Hiverne,le-gue-dhiverne,Sénéchas,,modere,T2,568,12.4,4h60,,,,,44.358638150000004,4.001325
30,Gard,Le roc troué,le-roc-troue,Soustelle,,modere,T2,546,10,4h19,,,,,44.178799049999995,3.988176
31,Haute-Garonne,"Lac Vert, Boucle par l'Est",lac-vert-boucle-par-lest,Castillon-de-Larboust,,facile,T1,~256,7.3,2h41,,,,,42.72348765,0.5681942
31,Haute-Garonne,Sentier d'interprétation,sentier-dinterpretation,Arbas,,facile,T1,~70,3.5,1h07,,,,,42.9899669,0.8842256
31,Haute-Garonne,En passant par les Agals,en-passant-par-les-agals,Gardouch,,facile,T1,~245,7,2h34,,,,,43.391815550000004,1.68570025
31,Haute-Garonne,La Forestière,la-forestiere,Bagnères-de-Luchon,,facile,T1,~189,5.4,1h59,,,,,42.76757885,0.5830769499999999
33,Gironde,La boucle de Talais par le port,la-boucle-de-talais-par-le-port,Talais,,facile,T1,~214,6.1,2h14,,,,,45.47906305,-1.0575982499999999
33,Gironde,Boucle du Moulin d'Auros,boucle-du-moulin-dauros,Auros,,facile,T1,~205,10.2,3h14,,,,,44.4994468,-0.16402335
33,Gironde,Étape 3 • Chemin d'Amadour,etape-3--chemin-damadour,Saint-Seurin-de-Cadourne,,difficile,T3,~1183,21.5,9h19,,,,,45.278701749999996,-0.7836132499999999
34,Hérault,Le Vialaïs,le-vialais,Rosis,,modere,T2,~455,13,4h46,,,,,43.62014405,2.9635484500000002
34,Hérault,Sentier de l'Escalège,sentier-de-lescalege,Claret,,facile,T1,~140,4,1h28,,,,,43.86439125,3.9122206000000004
34,Hérault,Le Sommet du Caroux,le-sommet-du-caroux,Rosis,,facile,T1,~280,8,2h56,,,,,43.60056865,2.9811714
37,Indre-et-Loire,Sentier Saint Georges - Rochecorbon,sentier-saint-georges---rochecorbon,Rochecorbon,,facile,T1,291,13.7,4h24,,,,,47.4174405,0.74629505
37,Indre-et-Loire,Les Lavandières - Artannes-sur-Indre,les-lavandieres---artannes-sur-indre,Artannes-sur-Indre,,facile,T1,210,14.8,4h24,,,,,47.26023955,0.6096267
37,Indre-et-Loire,"La Fayette dans la Vallée de l'Indre - Reignac-sur-Indre, Azay-sur-Indre",la-fayette-dans-la-vallee-de-lindre---reignac-sur-indre-azay-sur-indre,Reignac-sur-Indre,,facile,T1,98,14.2,3h53,,,,,47.22134355,0.9257646500000001
38,Isère,La Tour de Revel (par le Mollard),la-tour-de-revel-par-le-mollard,Revel,,modere,T2,400,7,3h05,,,,,45.20175535,5.8566011499999995
38,Isère,Les chemins du patrimoine de Méaudre,les-chemins-du-patrimoine-de-meaudre,Méaudre,,facile,T1,~242,6.9,2h32,,,,,45.128438599999996,5.5304062
38,Isère,Randonnée des Hameaux,randonnee-des-hameaux,Saint-Maximin,,facile,T1,~172,4.9,1h48,,,,,45.430249700000005,6.0428046
38,Isère,Balcon de Combeloup,balcon-de-combeloup,Saint-Martin-d'Uriage,,modere,T2,400,11,4h05,,,,,45.1710046,5.8332709000000005
38,Isère,Le Tour de Montrond,le-tour-de-montrond,Saint-Martin-d'Uriage,,facile,T1,290,8.1,2h60,,,,,45.16344355,5.8671005
38,Isère,Circuit des Gardes,circuit-des-gardes,Saint-Martin-d'Uriage,,modere,T2,420,13,4h39,,,,,45.1403611,5.8729647499999995
38,Isère,Circuit des Cinq Cabanes,circuit-des-cinq-cabanes,Saint-Martin-d'Uriage,,modere,T2,650,16.8,6h22,,,,,45.1397021,5.87559995
38,Isère,Circuit des Vignasses,circuit-des-vignasses,Saint-Martin-d'Uriage,,facile,T1,300,4.1,2h01,,,,,45.155048550000004,5.833481
38,Isère,Circuit des Écoliers,circuit-des-ecoliers,Saint-Martin-d'Uriage,,facile,T1,250,6,2h20,,,,,45.16989865,5.86150625
38,Isère,Circuit du Bit,circuit-du-bit,Saint-Martin-d'Uriage,,modere,T2,500,9,3h55,,,,,45.1396697,5.84055865
39,Jura,Les Arcets,les-arcets,Prémanon,,modere,T2,348,9,3h25,,,,,46.47082805,6.0256812
39,Jura,Sentier des Diots,sentier-des-diots,Septmoncel les Molunes,,modere,T2,350,11,3h55,,,,,46.3810161,5.9188448000000005
39,Jura,Les Essarts,les-essarts,Vaudrey,,facile,T1,82,7,2h01,,,,,46.9674136,5.6292761
39,Jura,Sentier de la Vigne,sentier-de-la-vigne,Pagney,,modere,T2,~350,10,3h40,,,,,47.23592905,5.69491905
39,Jura,Sentier du Guêpier,sentier-du-guepier,Étrepigney,,facile,T1,~190,9.5,3h,,,,,47.1196511,5.664346699999999
39,Jura,Le Circuit des 19 étangs,le-circuit-des-19-etangs,Champrougier,,modere,T2,~500,25,7h55,,,,,46.881497949999996,5.51100835
39,Jura,La Chaux Sèche,la-chaux-seche,Bois-d'Amont,,facile,T1,~210,10.5,3h20,,,,,46.5505815,6.12946965
42,Loire,Jas - Pierre sur Autre,jas---pierre-sur-autre,Jas,,facile,T1,228,9,3h01,,,,,45.7447541,4.3174163
42,Loire,Pilat N°23 : circuit « des barrages »,pilat-n23--circuit--des-barrages-,Tarentaise,,modere,T2,525,25,8h,,,,,45.37111055,4.4682236
69,Rhône,Pilat N°30: des «Côteaux à les Haies»,pilat-n30-des-coteaux-a-les-haies,Condrieu,,modere,T2,455,23,7h16,,,,,45.4915659,4.74939175
63,Puy-de-Dôme,Montarcher,montarcher,La Chaulme,,facile,T1,~280,14,4h26,,,,,45.4630584,3.97088655
63,Puy-de-Dôme,Les Prats-de-la-Chaux,les-prats-de-la-chaux,Saint-Anthème,,modere,T2,~455,13,4h46,,,,,45.5502362,3.93131195
63,Puy-de-Dôme,Peyre-Mayou,peyre-mayou,Saint-Pierre-la-Bourlhonne,,modere,T2,~525,15,5h30,,,,,45.67632555,3.76805385
43,Haute-Loire,Les Trois Vallees,les-trois-vallees,Torsiac,,modere,T2,~455,13,4h46,,,,,45.34847085,3.1908527500000003
63,Puy-de-Dôme,Saint Jean Saint Gervais,saint-jean-saint-gervais,Jumeaux,,modere,T2,~320,16,5h04,,,,,45.429819050000006,3.3614343499999997
63,Puy-de-Dôme,Les terrasses de la Dore,les-terrasses-de-la-dore,Mayres,,facile,T1,~220,11,3h29,,,,,45.37517865,3.7015745
43,Haute-Loire,Les bords de l'Allier,les-bords-de-lallier,Saint-Vénérand,,facile,T1,~220,11,3h29,,,,,44.85950095,3.67881355
63,Puy-de-Dôme,Les Cotes de Lempdes,les-cotes-de-lempdes,Moriat,,modere,T2,~315,9,3h18,,,,,45.39668435,3.2547993999999996
63,Puy-de-Dôme,Les panoramas de Dore l'Eglise,les-panoramas-de-dore-leglise,Dore-l'Église,,modere,T2,~595,17,6h14,,,,,45.3766311,3.7742127500000002
43,Haute-Loire,VA 06 : Blesle - Massiac,va-06--blesle---massiac,Grenier-Montgon,,modere,T2,~473,13.5,4h57,,,,,45.285473499999995,3.19557715
44,Loire-Atlantique,Circuit de la Baraudière,circuit-de-la-baraudiere,Sucé-sur-Erdre,,facile,T1,~266,7.6,2h47,,,,,47.34503925,-1.49744305
44,Loire-Atlantique,Sentier des manoirs,sentier-des-manoirs,Nozay,,modere,T2,~312,15.6,4h56,,,,,47.57776695,-1.60116515
44,Loire-Atlantique,Circuit du Moulin de Peltré,circuit-du-moulin-de-peltre,La Rouxière,,modere,T2,~301,8.6,3h09,,,,,47.444402499999995,-1.0598182
46,Lot,Circuit de la Cévenne de Bears,circuit-de-la-cevenne-de-bears,Arcambal,,modere,T2,497,16.2,5h42,,,,,44.46173895,1.5713385
46,Lot,Circuit de Martignac,circuit-de-martignac,Puy-l'Évêque,,modere,T2,324,13.7,4h30,,,,,44.519947,1.1220645
46,Lot,"Le Vert, la belle et les châteaux",le-vert-la-belle-et-les-chateaux,Mechmont,,facile,T1,244,13.6,4h13,,,,,44.5815669,1.4458151
46,Lot,Circuit du Cap de la Cévenne,circuit-du-cap-de-la-cevenne,Pradines,,modere,T2,307,12.4,4h07,,,,,44.471597200000005,1.38863095
46,Lot,Les dolmens de Limogne-en-Quercy,les-dolmens-de-limogne-en-quercy,Limogne-en-Quercy,,modere,T2,344,9.1,3h25,,,,,44.39674515,1.7563947500000001
46,Lot,Circuit des chemins anciens de Pern,circuit-des-chemins-anciens-de-pern,Pern-Lhospitalet,,facile,T1,186,14.1,4h09,,,,,44.339076250000005,1.3800759
46,Lot,Sentier des truffes,sentier-des-truffes,Lalbenque,,facile,T1,147,10.8,3h11,,,,,44.35121735,1.5255998000000002
46,Lot,Circuit du Lissourgues,circuit-du-lissourgues,Sauzet,,facile,T1,127,8.7,2h36,,,,,44.4243254,1.241634
46,Lot,Circuit de la fontaine de Paillas,circuit-de-la-fontaine-de-paillas,Montcuq-en-Quercy-Blanc,,facile,T1,115,7.1,2h09,,,,,44.3589729,1.10262005
46,Lot,Circuit de Lolmie,circuit-de-lolmie,Lendou-en-Quercy,,facile,T1,127,6.1,1h57,,,,,44.28775195,1.24427975
48,Lozère,Les couronnes,les-couronnes,Florac Trois Rivières,,difficile,T3,869,15.2,6h42,,,,,44.31317875,3.5828854000000003
48,Lozère,La Flandonenque,la-flandonenque,Saint-Germain-de-Calberte,,modere,T2,497,9.3,3h59,,,,,44.2459409,3.7883676
48,Lozère,Baousse del Biel,baousse-del-biel,Saint-Pierre-des-Tripiers,,modere,T2,302,7.6,2h54,,,,,44.23041055,3.23760535
48,Lozère,Aire-de-Côte,aire-de-cote,Bassurels,,facile,T1,223,7.8,2h42,,,,,44.12368655,3.6207903999999997
48,Lozère,Cassini,cassini,Pont de Montvert - Sud Mont Lozère,,modere,T2,323,9.3,3h24,,,,,44.393596200000005,3.86401085
30,Gard,D'un Gardon à l'autre,dun-gardon-a-lautre,Saint-Jean-du-Gard,,modere,T2,560,8.7,4h02,,,,,44.1173981,3.87836365
48,Lozère,Dargilan,dargilan,Meyrueis,,facile,T1,230,9.7,3h11,,,,,44.1818436,3.39246685
48,Lozère,Domaine des Boissets,domaine-des-boissets,Sainte-Enimie,,modere,T2,526,7.8,3h42,,,,,44.37275965,3.42270185
48,Lozère,Le Lozeret,le-lozeret,Cubières,,modere,T2,329,7.8,3h03,,,,,44.4676672,3.7549786000000003
48,Lozère,Le Viala - Racoules,le-viala---racoules,Fraissinet-de-Lozère,,modere,T2,355,7.3,3h,,,,,44.368880399999995,3.7284315
50,Manche,Le Sentier du Contrebandier,le-sentier-du-contrebandier,Jobourg,,modere,T2,~364,10.4,3h49,,,,,49.67671835,-1.9221118000000001
50,Manche,Le Mont de Doville,le-mont-de-doville,Doville,,facile,T1,~220,11,3h29,,,,,49.3304276,-1.5569700499999999
50,Manche,Le Circuit du Pressoir,le-circuit-du-pressoir,Feugères,,facile,T1,~200,10,3h10,,,,,49.142530750000006,-1.32880405
52,Haute-Marne,M38 Diakofti-Avlemonas-Diakofti,m38-diakofti-avlemonas-diakofti,Αβλέμονας,,modere,T2,788,16,6h38,,,,,36.24483315,23.07920585
52,Haute-Marne,1 - Western Hydra,1---western-hydra,Δήμος Ύδρας,,modere,T2,675,15.8,6h12,,,,,37.33135145,23.444957950000003
52,Haute-Marne,M49 Amir Ali-Agios Nikolaos-Plateia Ammos-Amir Ali,m49-amir-ali-agios-nikolaos-plateia-ammos-amir-ali,Δημοτική Ενότητα Κυθήρων,,facile,T1,260,12,3h52,,,,,36.364560049999994,22.9525449
56,Morbihan,Sentier des Popinettes,sentier-des-popinettes,Questembert,,modere,T2,345,13,4h24,,,,,47.651179049999996,-2.471705
56,Morbihan,Circuit de Rochefort,circuit-de-rochefort,Rochefort-en-Terre,,facile,T1,~266,7.6,2h47,,,,,47.696233199999995,-2.3440514500000003
56,Morbihan,Vers la Ria d'Étel,vers-la-ria-detel,Le Magouëro,,facile,T1,~270,13.5,4h17,,,,,47.66978085,-3.22704975
71,Saône-et-Loire,Le Jeu et les Moulins,le-jeu-et-les-moulins,La Comelle,,modere,T2,~350,10,3h40,,,,,46.88792065,4.091625349999999
71,Saône-et-Loire,Le chemin des 4 chataigniers,le-chemin-des-4-chataigniers,Cronat,,facile,T1,~280,8,2h56,,,,,46.7293938,3.7693436
71,Saône-et-Loire,La Ronde des Mineurs,la-ronde-des-mineurs,Saint-Prix,,modere,T2,~360,18,5h42,,,,,46.95036925,4.065174750000001
53,Mayenne,Circuit des Avaloirs,circuit-des-avaloirs,Boulay-les-Ifs,,facile,T1,240,11.6,3h42,,,,,48.440273000000005,-0.12721775000000002
61,Orne,Les Bornes Cavalières,les-bornes-cavalieres,La Ferté-Macé,,facile,T1,133,9,2h42,,,,,48.5967987,-0.3576221
61,Orne,Nobles logis (Rémalard - circuit court),nobles-logis-remalard---circuit-court,Rémalard en Perche,,facile,T1,141,8.3,2h33,,,,,48.4372221,0.77810085
63,Puy-de-Dôme,Tour du Puy de Dôme,tour-du-puy-de-dome,Orcines,,facile,T1,275,10,3h25,,,,,45.7724759,2.96894825
63,Puy-de-Dôme,Des Ribes au Miodet,des-ribes-au-miodet,Saint-Dier-d'Auvergne,,facile,T1,280,13,4h11,,,,,45.6775016,3.46914985
63,Puy-de-Dôme,Le Puy de Sancy,le-puy-de-sancy,Mont-Dore,,facile,T1,~245,7,2h34,,,,,45.53525345,2.8134339
63,Puy-de-Dôme,Le Sentier de la Vaisse,le-sentier-de-la-vaisse,Ambert,,facile,T1,~245,7,2h34,,,,,45.578165150000004,3.7780181500000003
63,Puy-de-Dôme,Le Domaine de Vort,le-domaine-de-vort,Orbeil,,modere,T2,~308,8.8,3h14,,,,,45.57120865,3.25909415
63,Puy-de-Dôme,La Chapelle-Agnon,la-chapelle-agnon,La Chapelle-Agnon,,modere,T2,~350,10,3h40,,,,,45.6458657,3.6456942999999997
63,Puy-de-Dôme,Les Gorges de Leyvaux et d'Apcher,les-gorges-de-leyvaux-et-dapcher,Anzat-le-Luguet,,modere,T2,~397,11.3,4h09,,,,,45.32063985,3.0615517
63,Puy-de-Dôme,Lac Chambon,lac-chambon,Murol,,facile,T1,~245,7,2h34,,,,,45.5751906,2.92962745
63,Puy-de-Dôme,Bords d'Allier,bords-dallier,Cournon-d'Auvergne,,facile,T1,~245,7,2h34,,,,,45.7397146,3.21940145
63,Puy-de-Dôme,Le Puy Giroux,le-puy-giroux,Romagnat,,facile,T1,~210,6,2h12,,,,,45.706067399999995,3.07825275
64,Pyrénées-Atlantiques,Tour Bilboquet-Barescou asp01,tour-bilboquet-barescou-asp01,Escot,,modere,T2,420,9.9,3h53,,,,,43.083889400000004,-0.5883056499999999
64,Pyrénées-Atlantiques,Chemins de Mâture d'Issaux asp45,chemins-de-mature-dissaux-asp45,Osse-en-Aspe,,modere,T2,420,7.8,3h21,,,,,42.99539595,-0.7097127999999999
64,Pyrénées-Atlantiques,Tour de la Borde de Bouhaben asp26,tour-de-la-borde-de-bouhaben-asp26,Accous,,modere,T2,620,8.9,4h18,,,,,42.986242399999995,-0.57948785
64,Pyrénées-Atlantiques,Tour Mâture-Arras asp62,tour-mature-arras-asp62,Etsaut,,modere,T2,690,9.6,4h42,,,,,42.8939021,-0.5504862500000001
64,Pyrénées-Atlantiques,Tour du dolmen,tour-du-dolmen,Buzy,,facile,T1,250,10,3h20,,,,,43.1347873,-0.44389395
64,Pyrénées-Atlantiques,Vallon du Soussouéou,vallon-du-soussoueou,Laruns,,difficile,T3,950,13.5,6h32,,,,,42.90870365,-0.39673805
64,Pyrénées-Atlantiques,La fontaine d'Esteret,la-fontaine-desteret,Bélesten,,modere,T2,345,4,2h09,,,,,43.02597715,-0.4327054
64,Pyrénées-Atlantiques,Cabanes et Lac d'Ansabe asp52,cabanes-et-lac-dansabe-asp52,Lescun,,difficile,T3,890,13.9,6h26,,,,,42.89989715,-0.6947126
64,Pyrénées-Atlantiques,Senda de Camille 2 (Lizara-Somport),senda-de-camille-2-lizara-somport,Ansó,,difficile,T3,1070,17.1,7h51,,,,,42.7819932,-0.5798418000000001
64,Pyrénées-Atlantiques,Chemin des Palombières,chemin-des-palombieres,Ustaritz,,facile,T1,~175,5,1h50,,,,,43.25511855,-1.60954235
64,Pyrénées-Atlantiques,Chemins de Bosdapous asp02,chemins-de-bosdapous-asp02,Sarrance,,modere,T2,480,6.3,3h10,,,,,43.051573000000005,-0.6098778
64,Pyrénées-Atlantiques,Plateau d'Ourdinse asp17,plateau-dourdinse-asp17,Orcun,,difficile,T3,920,9.1,5h21,,,,,43.00959995,-0.5823919
65,Hautes-Pyrénées,Puente del Hospital - Puerto de Plan,puente-del-hospital---puerto-de-plan,Gistaín/Chistén,,modere,T2,~385,7,3h02,,,,,42.6638911,0.32771415000000004
65,Hautes-Pyrénées,Senda de los Puertos,senda-de-los-puertos,Gistaín/Chistén,,modere,T2,~595,17,6h14,,,,,42.6897681,0.3474764
66,Pyrénées-Orientales,Portbou-Querroig,portbou-querroig,Portbou,,modere,T2,689,15.9,6h16,,,,,42.4288763,3.1345986
66,Pyrénées-Orientales,TC225 Refugi de Vilallobent,tc225-refugi-de-vilallobent,Puigcerdà,,modere,T2,560,10.5,4h30,,,,,42.3925613,1.9580716
66,Pyrénées-Orientales,"Molló a Espinavell, Coll Pregon i Fabert: balconada al Canigó",mollo-a-espinavell-coll-pregon-i-fabert-balconada-al-canigo,Molló,,modere,T2,727,17.6,6h49,,,,,42.37096355,2.4095219
66,Pyrénées-Orientales,TC066 Malniu Puigpedrós Molleres d'Engorgs,tc066-malniu-puigpedros-molleres-dengorgs,Meranges,,difficile,T3,935,14.1,6h39,,,,,42.4773271,1.7698008
66,Pyrénées-Orientales,Vallter-Núria,vallter-nuria,Queralbs,,difficile,T3,894,12.9,6h12,,,,,42.409677,2.2094284
66,Pyrénées-Orientales,Les rhododendrons,les-rhododendrons,Puyvalador,,modere,T2,400,7,3h05,,,,,42.6513961,2.0824177
66,Pyrénées-Orientales,Boucle des etangs du Carlit (variante 9 lacs),boucle-des-etangs-du-carlit-variante-9-lacs,Angoustrine-Villeneuve-des-Escaldes,,facile,T1,280,7.1,2h42,,,,,42.5668994,1.9825487499999999
66,Pyrénées-Orientales,"Ruta dels 4 refugis de Tramuntana. Etapa: Refugi del Coll de Banyuls <=> Refugi ""Forn de Calç""",ruta-dels-4-refugis-de-tramuntana-etapa-refugi-del-coll-de-banyuls--refugi-forn-de-calc,Espolla,,modere,T2,~581,16.6,6h05,,,,,42.46313245,3.00053165
66,Pyrénées-Orientales,La Vajol al Santuari i al Puig de les Salines,la-vajol-al-santuari-i-al-puig-de-les-salines,Las Illas,,modere,T2,~352,6.4,2h46,,,,,42.414648850000006,2.7740304
66,Pyrénées-Orientales,Molló Coll d'Ares,mollo-coll-dares,Molló,,modere,T2,735,15.5,6h20,,,,,42.35768635,2.4313587500000002
66,Pyrénées-Orientales,Sèquia de Puigcerdà Enveig,sequia-de-puigcerda-enveig,Puigcerdà,,facile,T1,70,7.9,2h13,,,,,42.448200799999995,1.92441705
66,Pyrénées-Orientales,TC063 Saneja Sant Martí d'Aravó Puigcerdà,tc063-saneja-sant-marti-daravo-puigcerda,Puigcerdà,,facile,T1,135,9.2,2h45,,,,,42.4388591,1.91770565
67,Bas-Rhin,Schweigen-Rechtenbach - Grenzlandtour,schweigen-rechtenbach---grenzlandtour,Wissembourg,,modere,T2,~403,11.5,4h13,,,,,49.051767049999995,7.93385585
67,Bas-Rhin,Sentier paysager passe-frontière n°1,sentier-paysager-passe-frontiere-n1,Ludwigswinkel,,modere,T2,~525,15,5h30,,,,,49.0543536,7.6460513500000005
57,Moselle,Red ring,red-ring,Soucht,,facile,T1,~245,7,2h34,,,,,48.955260100000004,7.3468351
57,Moselle,Circuit des Bornes,circuit-des-bornes,Dieding,,modere,T2,~483,13.8,5h04,,,,,49.086610199999996,7.1262543
68,Haut-Rhin,Circuit du col Amic,circuit-du-col-amic,Willer-sur-Thur,,modere,T2,570,12,4h54,,,,,47.863525100000004,7.1036833
68,Haut-Rhin,Les Chemins de la Mémoire,les-chemins-de-la-memoire,Sainte-Marie-aux-Mines,,facile,T1,~162,8.1,2h34,,,,,48.23311215,7.1311923
68,Haut-Rhin,Circuit Le Blaufels,circuit-le-blaufels,Willer-sur-Thur,,modere,T2,520,12,4h44,,,,,47.8361642,7.051238400000001
68,Haut-Rhin,Boucle du Karsprung,boucle-du-karsprung,Willer-sur-Thur,,facile,T1,260,7,2h37,,,,,47.84744155,7.0896188
68,Haut-Rhin,Karsprung versant sud,karsprung-versant-sud,Willer-sur-Thur,,facile,T1,260,7.5,2h45,,,,,47.845185,7.0898725
68,Haut-Rhin,Circuit du rocher de l’Ostein,circuit-du-rocher-de-lostein,Bitschwiller-lès-Thann,,modere,T2,350,6,2h40,,,,,47.84630265,7.11191985
71,Saône-et-Loire,Les quatre vents,les-quatre-vents,Cluny,,facile,T1,300,14,4h30,,,,,46.42620575,4.6915366
71,Saône-et-Loire,Via Cluny Etape 25,via-cluny-etape-25,Ozenay,,modere,T2,364,15,4h58,,,,,46.54897565,4.8544585
39,Jura,Via Cluny Etape 20,via-cluny-etape-20,Chevreaux,,modere,T2,630,21,7h21,,,,,46.48713455,5.43046395
73,Savoie,B03 - Le Grand Coin,b03---le-grand-coin,La Tour-en-Maurienne,,difficile,T3,1357,14.3,8h06,,,,,45.3365663,6.3794059
73,Savoie,Sentier éco-sylve de Poingt-Ravier,sentier-eco-sylve-de-poingt-ravier,Valloire,,facile,T1,256,4.2,1h54,,,,,45.16849525,6.42486005
73,Savoie,Circuit Béatrice de Savoie,circuit-beatrice-de-savoie,Saint-Pierre-de-Genebroz,,facile,T1,~158,4.5,1h39,,,,,45.442714949999996,5.75717245
73,Savoie,Le Lac Vert,le-lac-vert,La Plagne-Tarentaise,,facile,T1,~123,3.5,1h17,,,,,45.50903125,6.673773300000001
73,Savoie,B06 - Le Balcon du Rocher aux Chamois,b06---le-balcon-du-rocher-aux-chamois,La Tour-en-Maurienne,,facile,T1,245,3.9,1h47,,,,,45.3095524,6.33770115
73,Savoie,B04 - Le tour des villages de Montvernier,b04---le-tour-des-villages-de-montvernier,Montvernier,,facile,T1,260,4.2,1h54,,,,,45.3245766,6.3429994999999995
73,Savoie,B05 - Le Balcon des Plagnes,b05---le-balcon-des-plagnes,La Tour-en-Maurienne,,facile,T1,300,4.6,2h10,,,,,45.31214225,6.3600931
74,Haute-Savoie,43-Chemin des cols alpins,43-chemin-des-cols-alpins,Saint-Gingolph,,modere,T2,760,16,6h32,,,,,46.36870425,6.8017558000000005
74,Haute-Savoie,Tour du Roc de Chère,tour-du-roc-de-chere,Talloires,,facile,T1,178,5.4,1h57,,,,,45.84651289999999,6.1977665
74,Haute-Savoie,Lac de Damoz des Moulins,lac-de-damoz-des-moulins,Saint-Jean-d'Aulps,,difficile,T3,810,9,4h57,,,,,46.238958749999995,6.675114349999999
74,Haute-Savoie,Le Môle depuis La Tour,le-mole-depuis-la-tour,La Tour,,difficile,T3,1200,6.8,5h42,,,,,46.11734895,6.4410395000000005
74,Haute-Savoie,Mont Buet,mont-buet,Vallorcine,,difficile,T4,1760,10,8h22,,,,,46.013885599999995,6.8846814
74,Haute-Savoie,Chalet des Pyramides,chalet-des-pyramides,Les Bossons,,facile,T1,~121,3.5,1h16,,,,,45.89341775,6.848626149999999
74,Haute-Savoie,Tour du Voua de la Motte,tour-du-voua-de-la-motte,Lyaud,,facile,T1,~110,5.5,1h45,,,,,46.3378829,6.50439875
74,Haute-Savoie,Tour du Mont Chauffé,tour-du-mont-chauffe,Abondance,,modere,T2,500,15,5h25,,,,,46.307938899999996,6.75681495
74,Haute-Savoie,Les Cornettes de Bise depuis le refuge de Bise,les-cornettes-de-bise-depuis-le-refuge-de-bise,La Chapelle-d'Abondance,,difficile,T3,930,8.9,5h20,,,,,46.33555715,6.78093315
74,Haute-Savoie,Lac de Darbon,lac-de-darbon,La Chapelle-d'Abondance,,difficile,T3,850,6.8,4h32,,,,,46.3395539,6.757182800000001
74,Haute-Savoie,Pointe de Pelluaz par Chalets d'Oche,pointe-de-pelluaz-par-chalets-doche,Bernex,,modere,T2,650,7.8,4h07,,,,,46.34289135,6.71488995
76,Seine-Maritime,Les Terres de l’Abbaye,les-terres-de-labbaye,Ouville-l'Abbaye,,modere,T2,~315,9,3h18,,,,,49.6967922,0.8724441000000001
76,Seine-Maritime,Sur les traces de Voltaire,sur-les-traces-de-voltaire,Cideville,,facile,T1,~280,8,2h56,,,,,49.60569685,0.8884434
76,Seine-Maritime,Le Bois Lambert,le-bois-lambert,Le Petit Veauville,,facile,T1,~280,8,2h56,,,,,49.69978245,0.70794845
77,Seine-et-Marne,En basse vallée de l'Orvanne,en-basse-vallee-de-lorvanne,Dormelles,,modere,T2,~564,16.1,5h54,,,,,48.3244201,2.90459375
77,Seine-et-Marne,La Bretonnière,la-bretonniere,Saint-Siméon,,modere,T2,315,21,6h18,,,,,48.8029337,3.17666685
93,Seine-Saint-Denis,"GRP de la Ceinture Verte, étape 9 : De la montagne de Chelles au canal de l'Ourcq",grp-de-la-ceinture-verte-etape-9--de-la-montagne-de-chelles-au-canal-de-lourcq,Montfermeil,,facile,T1,250,20,5h50,,,,,48.905934450000004,2.57339165
77,Seine-et-Marne,Promenade du Haut Mont,promenade-du-haut-mont,Fontainebleau,,facile,T1,~140,4,1h28,,,,,48.35891685,2.7504682000000003
81,Tarn,Sentier des Crêtes,sentier-des-cretes,Briatexte,,modere,T2,~403,11.5,4h13,,,,,43.73159735,1.91867415
81,Tarn,Sentier les Cayrans,sentier-les-cayrans,Labastide-Rouairoux,,facile,T1,197,5.6,2h03,,,,,43.47145865,2.64604375
81,Tarn,Sentier des sources,sentier-des-sources,Trébas,,facile,T1,~140,7,2h13,,,,,43.95066455,2.4767148
81,Tarn,Randonnée de la Trivalle et ses variantes,randonnee-de-la-trivalle-et-ses-variantes,Saint-Pierre-de-Trivisy,,facile,T1,~242,6.9,2h32,,,,,43.769484399999996,2.4425322
81,Tarn,VdT 12 : Ambialet à Saint-Juéry,vdt-12--ambialet-a-saint-juery,Bellegarde-Marsal,,difficile,T3,~880,16,6h56,,,,,43.93425805,2.29404655
81,Tarn,"Sentier des Crêtes, raccourci des Vignes",sentier-des-cretes-raccourci-des-vignes,Briatexte,,modere,T2,~333,9.5,3h29,,,,,43.74112045,1.9179332
06,Alpes-Maritimes,Crêtes des Grues,cretes-des-grues,Théoule-sur-Mer,,modere,T2,540,11.6,4h42,,,,,43.49195335,6.92068185
83,Var,Sentier de l'Aubanède,sentier-de-laubanede,Pourrières,,modere,T2,370,9,3h29,,,,,43.45524045,5.7526300500000005
83,Var,La Rigaude,la-rigaude,Rians,,facile,T1,189,7,2h23,,,,,43.59658545,5.7635918
83,Var,Le sentier du Littoral – Saint-Raphaël,le-sentier-du-littoral--saint-raphael,Saint-Raphaël,,facile,T1,126,11,3h10,,,,,43.416923249999996,6.8214603
04,Alpes-de-Haute-Provence,Lac d'Esparron-de-Verdon - sentier du garde-canal,lac-desparron-de-verdon---sentier-du-garde-canal,Esparron-de-Verdon,,facile,T1,198,8.5,2h47,,,,,43.73054755,5.9510783499999995
83,Var,Le Chemin d'Engardin,le-chemin-dengardin,La Celle,,facile,T1,180,4,1h36,,,,,43.3893145,6.03403715
83,Var,La Forteresse les Meules,la-forteresse-les-meules,Bagnols-en-Forêt,,facile,T1,~260,13,4h07,,,,,43.5230003,6.6752386999999995
83,Var,Sentier des basses gorges,sentier-des-basses-gorges,Baudinard-sur-Verdon,,facile,T1,260,6,2h22,,,,,43.73659875,6.117490800000001
83,Var,Sentier du Littoral - Bandol,sentier-du-littoral---bandol,Saint-Cyr-sur-Mer,,modere,T2,~350,10,3h40,,,,,43.1443043,5.71707415
83,Var,Sentier du Littoral Itineraires - Les Issambres,sentier-du-littoral-itineraires---les-issambres,Roquebrune-sur-Argens,,facile,T1,~168,4.8,1h46,,,,,43.34956685,6.70719185
84,Vaucluse,Sentier du Portalas,sentier-du-portalas,Lacoste,,facile,T1,110,3.2,1h10,,,,,43.797309,5.2697679
84,Vaucluse,Le Chemin des Lavandes,le-chemin-des-lavandes,Sault,,facile,T1,~175,5,1h50,,,,,44.118915900000005,5.4064412
84,Vaucluse,Bornes Papales,bornes-papales,Valréas,,facile,T1,~200,10,3h10,,,,,44.36941575,5.0415329
70,Haute-Saône,Le Rosièra,le-rosiera,La Rosière,,facile,T1,224,10,3h15,,,,,47.91763765,6.62724745
88,Vosges,Circuit des Deux Vallons,circuit-des-deux-vallons,Madegney,,facile,T1,250,12,3h50,,,,,48.27994935,6.2840138
88,Vosges,Les Crêtes du Montfort,les-cretes-du-montfort,They-sous-Montfort,,facile,T1,150,11.5,3h23,,,,,48.2191945,5.95754855
88,Vosges,Circuit panoramique du Rondfaing,circuit-panoramique-du-rondfaing,Cornimont,,facile,T1,200,5.9,2h08,,,,,47.996548149999995,6.8234946999999995
88,Vosges,Sentier du Madon,sentier-du-madon,Ambacourt,,facile,T1,~175,5,1h50,,,,,48.3527385,6.1378071
88,Vosges,Sentier de Jeanne,sentier-de-jeanne,Maxey-sur-Meuse,,modere,T2,~525,15,5h30,,,,,48.45761725,5.698052049999999
88,Vosges,Circuit de la Haute Pierre,circuit-de-la-haute-pierre,Moyenmoutier,,facile,T1,~200,10,3h10,,,,,48.38998545,6.9238066
89,Yonne,N°2 long - Autour de Les Clérimois,n2-long---autour-de-les-clerimois,Les Clérimois,,facile,T1,280,16.2,4h59,,,,,48.23578575,3.4550509
89,Yonne,Les bois de la Chapelle,les-bois-de-la-chapelle,Flogny-la-Chapelle,,facile,T1,120,13,3h39,,,,,47.9655635,3.8990111
89,Yonne,Les coteaux d'Epineuil,les-coteaux-depineuil,Épineuil,,modere,T2,332,19,5h51,,,,,47.87824695,3.99986615
90,Territoire de Belfort,Sentier du Lion 10 Km,sentier-du-lion-10-km,Belfort,,facile,T1,100,10,2h50,,,,,47.64535465,6.87244515
90,Territoire de Belfort,Le Chemin de Pierres et Cultures,le-chemin-de-pierres-et-cultures,Recouvrance,,facile,T1,55,10,2h41,,,,,47.570812950000004,6.9771106
90,Territoire de Belfort,Sentier des libérateurs,sentier-des-liberateurs,Rougemont-le-Château,,modere,T2,400,13,4h35,,,,,47.747976,6.9593521
95,Val-d'Oise,A saute-mouton sur la Viosne,a-saute-mouton-sur-la-viosne,Santeuil,,facile,T1,194,11.3,3h28,,,,,49.1241796,1.9516879500000002
95,Val-d'Oise,Le chemin des Croix,le-chemin-des-croix,Labbeville,,facile,T1,173,12,3h35,,,,,49.133376150000004,2.12516105
93,Seine-Saint-Denis,Le parc départemental Georges-Valbon,le-parc-departemental-georges-valbon,La Courneuve,,facile,T1,~250,12.5,3h58,,,,,48.9449309,2.3964562999999997
2A,Corse-du-Sud,Boucle Littorale de Capu di Muru,boucle-littorale-de-capu-di-muru,Coti-Chiavari,,facile,T1,245,9.6,3h13,,,,,41.74550225,8.678062449999999
2A,Corse-du-Sud,Boucle 1 - Serra-di-Scopamène<->Aullène,boucle-1---serra-di-scopamene-aullene,Serra-di-Scopamène,,facile,T1,285,10,3h27,,,,,41.7654369,9.09505275
2A,Corse-du-Sud,Boucle d'A Ranedda,boucle-da-ranedda,Zonza,,modere,T2,525,6,3h15,,,,,41.728714749999995,9.28779295
2A,Corse-du-Sud,Uomo di Cagna,uomo-di-cagna,Monacia-d'Aullène,,modere,T2,745,9.5,4h52,,,,,41.561672650000006,9.0513865
2A,Corse-du-Sud,Balade Littorale du Canuseddu,balade-littorale-du-canuseddu,Campomoro,,facile,T1,185,8.8,2h49,,,,,41.630109149999996,8.80559255
2A,Corse-du-Sud,Boucle du Monte Santu,boucle-du-monte-santu,Sari-Solenzara,,facile,T1,210,5.8,2h09,,,,,41.82735525,9.36120765
2A,Corse-du-Sud,Boucle du Lac de Creno,boucle-du-lac-de-creno,Soccia,,difficile,T3,1300,12.2,7h23,,,,,42.2000284,8.9321157
2A,Corse-du-Sud,Tour Génoise d'Omigna,tour-genoise-domigna,Cargèse,,facile,T1,80,6.9,1h60,,,,,42.150268100000005,8.5753929
2A,Corse-du-Sud,Capo di Feno par Bonifacio,capo-di-feno-par-bonifacio,,,facile,T1,45,8.2,2h12,,,,,41.39614215,9.11533605
2B,Haute-Corse,Sentier du Monte Renosu,sentier-du-monte-renosu,Ghisoni,,modere,T2,705,7.6,4h15,,,,,42.0684525,9.138666449999999
2A,Corse-du-Sud,Balade Littorale des Bruzzi,balade-littorale-des-bruzzi,Pianottoli-Caldarello,,facile,T1,95,4.6,1h28,,,,,41.46997415,9.0231695
2A,Corse-du-Sud,Boucle de Calanone,boucle-de-calanone,Orone,,facile,T1,160,3.7,1h28,,,,,41.68330845,9.151801200000001
2B,Haute-Corse,Lama<->Monte Astu,lama-monte-astu,Lama,,difficile,T3,1043,13,6h44,,,,,42.57956165,9.19111975
2B,Haute-Corse,Boucle de San Bastianu,boucle-de-san-bastianu,Occhiatana,,facile,T1,300,6,2h30,,,,,42.57685745,9.00306005
2B,Haute-Corse,Boucle 1 - Costa Verde,boucle-1---costa-verde,Sant'Andréa-di-Cotone,,modere,T2,630,11,4h51,,,,,42.3229048,9.477191399999999
2B,Haute-Corse,Boucle Abru-Canelle,boucle-abru-canelle,Canari,,modere,T2,615,7.4,3h54,,,,,42.8366314,9.32259745
2B,Haute-Corse,Boucle littorale de Forlani à Mortella,boucle-littorale-de-forlani-a-mortella,,,facile,T1,165,12,3h33,,,,,42.70259255,9.265165
2B,Haute-Corse,Grande boucle Mare è Stagnu,grande-boucle-mare-e-stagnu,Aléria,,facile,T1,45,7.6,2h03,,,,,42.130566099999996,9.5480612
2B,Haute-Corse,Balade Littorale de la Pointe du Cap Corse,balade-littorale-de-la-pointe-du-cap-corse,Rogliano,,facile,T1,160,7.2,2h20,,,,,43.0063456,9.416223500000001
2B,Haute-Corse,Sentier du Monte Renosu,sentier-du-monte-renosu,Ghisoni,,modere,T2,705,7.6,4h15,,,,,42.0684525,9.138666449999999
2B,Haute-Corse,Boucle de la Punta di u Calancone,boucle-de-la-punta-di-u-calancone,Chisa,,facile,T1,270,3,1h39,,,,,41.9295404,9.268531750000001
2B,Haute-Corse,A Vinta di Bocca Stagnu,a-vinta-di-bocca-stagnu,Asco,,modere,T2,755,6,4h01,,,,,42.39828975,8.9134379
2B,Haute-Corse,Boucle des 7 Fontaines,boucle-des-7-fontaines,Prunelli-di-Fiumorbo,,modere,T2,332,4.6,2h15,,,,,42.016931099999994,9.32440485
2B,Haute-Corse,Monte San Petrone par le col de Prato,monte-san-petrone-par-le-col-de-prato,Castineta,,modere,T2,680,6.5,3h54,,,,,42.4088714,9.3218569